accession	AMP_vs_Beads_str	AMP_vs_Beads_unst	AMP_vs_K57A_str	AMP_vs_K57A_unst	K57A_vs_Beads_str	K57A_vs_Beads_unst
A0AVT1	0	0	0	0	1	1
A0AVF1	0	1	0	0	0	1
A0FGR8	0	0	0	0	1	0
A0MZ66	0	0	0	0	0	1
A1L0T0	1	1	1	1	0	1
A1L390	1	0	1	0	0	0
A2A3N6	0	0	0	0	1	0
A2RUC4	1	0	1	1	0	0
A4D1E9	0	0	0	0	1	0
A4FU69	1	1	1	1	1	0
A6NCE7;Q9GZQ8	1	0	1	0	0	1
A6NDG6	0	0	0	0	0	0
A6NHL2	0	1	1	1	0	1
A6NHR9	1	0	0	0	1	1
A6NIR3;Q8TF27	0	0	0	0	0	0
A6NIZ1	1	1	1	1	0	1
A6NKD9	1	1	0	1	1	1
A6ZKI3	0	1	0	0	0	1
A8K0Z3;A8MWX3;C4AMC7;Q6VEQ5;Q9NQA3	1	1	0	0	1	1
A8K2U0	0	0	0	0	1	1
A8MWD9;P62308	0	0	0	0	1	0
E9PAV3;Q13765	0	0	0	0	0	0
E9PRG8	0	0	1	0	0	0
L0R6Q1	0	0	0	1	0	0
L0R8F8	0	0	0	0	0	0
O00116	1	1	1	1	0	1
O00139	0	0	0	0	0	0
O00148	1	1	1	1	0	1
O00154	1	1	1	0	0	1
O00165	0	0	0	0	1	1
O00170	1	1	1	1	0	1
O00178	0	0	0	0	0	0
O00186	1	1	1	1	0	0
O00193	1	1	1	0	1	1
O00203	1	1	1	1	0	0
O00204	0	0	0	0	0	0
O00217	1	1	1	1	0	0
O00264	1	1	1	1	0	1
O00267	1	0	1	0	1	0
O00273	1	0	1	0	0	0
O00299	0	1	1	1	0	1
O00411	1	0	1	1	1	0
O00423	1	1	1	0	1	1
O00425	0	0	1	0	0	0
O00429	1	0	1	1	0	0
O00442	0	0	0	0	0	0
O00469	1	1	1	1	0	1
O00483	1	0	1	1	0	0
O00488	0	0	0	0	0	0
O00505	0	1	1	1	0	1
O00541	0	0	0	1	0	0
O00560	1	0	1	1	1	0
O00566	0	0	1	0	0	0
O00567	0	0	0	0	0	0
O00571	0	0	0	0	0	0
O00584	0	1	1	0	0	1
O00625	1	1	0	1	1	1
O00629	1	1	1	1	0	1
O00712	0	0	0	0	0	0
O00716	0	1	0	0	1	1
O00746	0	0	0	0	0	0
O00754	1	0	1	0	1	0
O00764	0	0	0	0	1	1
O14497	0	0	1	0	0	0
O14519	0	0	0	0	0	0
O14530	1	1	1	1	0	1
O14617	1	0	1	0	0	0
O14639	0	0	0	1	0	0
O14656	0	0	0	0	0	0
O14686	1	0	1	0	1	1
O14709	0	0	0	0	0	1
O14734	0	0	0	1	1	0
O14737	0	1	0	1	0	0
O14745	1	0	1	0	1	1
O14773	1	1	1	1	0	1
O14776	0	0	1	0	0	0
O14787	0	1	1	1	0	1
O14802	0	0	1	0	0	0
O14874	1	1	0	1	1	1
O14880	0	1	1	1	0	1
O14893	0	0	0	0	0	0
O14936	0	1	1	1	0	1
O14967	1	1	1	0	1	1
O14974	1	1	1	0	1	1
O14976	0	1	0	0	1	1
O14979	0	0	1	0	0	0
O14981	0	1	0	0	0	1
O15014	0	1	0	0	1	1
O15020	1	1	1	0	1	1
O15027	1	1	0	1	1	1
O15067	0	0	1	1	0	0
O15075	1	1	1	1	1	0
O15084	1	1	1	1	0	0
O15085	0	0	0	0	0	0
O15116	1	1	0	0	1	1
O15145	1	0	1	0	1	0
O15160	1	1	0	0	1	1
O15173	1	1	1	1	0	1
O15226	0	0	0	0	0	0
O15235	0	0	0	1	0	0
O15344	1	0	1	1	0	0
O15347	0	0	0	0	0	0
O15355	1	1	1	1	0	1
O15391;P25490	0	1	0	0	0	1
O15397	0	0	0	0	0	0
O15446	0	1	0	0	0	1
O15514	1	1	1	1	0	0
O15541	0	0	1	0	0	0
O43143	0	0	0	0	0	0
O43148	1	0	0	0	1	1
O43156	0	1	0	1	1	1
O43169	1	1	1	1	0	1
O43172	0	0	0	0	0	0
O43290	0	0	0	0	0	0
O43324	1	0	1	1	0	0
O43390	0	0	0	0	0	0
O43395	1	0	1	0	1	0
O43396	1	1	0	1	1	1
O43422	0	0	0	0	0	0
O43432	0	0	0	1	0	0
O43447	0	0	0	0	1	0
O43464	0	1	0	1	0	0
O43504	1	1	1	1	0	1
O43491	1	0	1	1	0	0
O43524	0	1	0	0	0	1
O43567	1	1	0	0	1	1
O43598	0	1	1	1	0	1
O43615	0	1	1	1	0	0
O43660	1	0	0	0	1	1
O43663	1	0	1	1	0	0
O43670	0	0	0	0	0	0
O43681	1	1	1	1	0	0
O43684	0	0	0	0	0	0
O43709	0	0	1	1	0	0
O43747	0	0	1	0	0	0
O43760	0	1	1	1	0	0
O43776	0	0	0	0	0	0
O43805	0	0	0	0	1	1
O43808	1	1	1	0	1	1
O43809	0	0	0	0	0	0
O43818	1	0	0	0	1	1
O43824	0	0	0	0	0	0
O43837	1	0	0	0	1	0
O43865;Q96HN2	0	0	0	0	1	0
O43913	1	1	1	1	0	0
O43920	1	1	0	1	1	1
O60216	0	1	0	0	1	1
O60220	1	1	1	0	1	1
O60231	0	0	1	0	0	0
O60234;P60983	0	1	0	1	1	1
O60244	1	1	0	0	1	1
O60293	0	0	0	1	1	0
O60306	1	1	1	0	1	1
O60313	1	1	1	1	0	1
O60343	1	1	1	1	0	0
O60502	0	0	0	1	0	0
O60506	0	0	1	0	0	0
O60508	1	0	0	0	1	1
O60518	0	1	0	1	0	1
O60524	0	0	1	0	0	0
O60547	1	0	1	0	1	1
O60563	1	0	0	0	1	0
O60568	1	1	0	1	1	1
O60573	1	1	0	0	1	1
O60678	0	1	0	0	0	1
O60684	0	0	1	1	0	0
O60701	0	1	1	1	0	1
O60749	0	0	0	0	0	0
O60762	0	0	0	0	0	0
O60783	0	0	0	0	0	0
O60784	1	1	0	0	1	1
O60814;P57053;P58876;P62807;Q5QNW6;Q93079;Q99877;Q99879;Q99880	0	1	0	1	1	1
O60828	0	0	0	0	1	0
O60832	0	0	0	0	0	0
O60841	0	0	0	0	0	0
O60869	1	0	1	0	0	0
O60884	1	0	1	1	0	0
O60885	0	1	0	1	0	1
O60925	1	1	1	1	0	1
O60934	0	0	0	1	0	0
O75027	1	1	0	1	1	0
O75044	1	0	1	0	1	0
O75116	0	0	0	0	1	1
O75122	1	1	1	0	1	1
O75127	0	0	0	1	0	0
O75131	0	0	1	0	0	1
O75143	1	0	1	1	1	0
O75147	0	0	0	1	0	0
O75150	1	1	0	1	1	1
O75165	0	0	0	0	0	0
O75179	0	0	0	0	0	0
O75208	0	1	0	0	1	1
O75223	1	1	0	1	1	1
O75306	1	1	1	1	0	1
O75312	0	0	0	1	1	0
O75347	0	1	1	1	0	0
O75348	1	0	1	1	0	0
O75351	1	1	1	1	0	0
O75352	1	1	1	1	0	1
O75390	0	0	1	1	0	0
O75400	0	0	1	0	0	1
O75410	0	0	0	0	0	0
O75419	1	1	1	1	0	1
O75436	0	1	0	1	0	1
O75438	1	0	1	0	1	0
O75446	0	1	1	1	0	0
O75449;Q9BW62	0	0	0	0	0	1
O75475	0	0	0	0	0	0
O75494	0	1	0	1	1	1
O75496	1	1	0	0	1	1
O75503	0	0	0	0	1	0
O75506	0	1	0	1	0	1
O75521	0	1	0	0	1	1
O75531	0	1	0	1	0	0
O75534	1	1	1	1	0	0
O75569	0	0	0	0	0	0
O75592	1	0	0	1	1	0
O75607	0	0	1	0	0	0
O75608	0	0	1	0	0	0
O75616	1	0	1	0	1	0
O75648	1	1	1	1	1	0
O75683	0	0	0	0	0	0
O75688	0	1	1	1	0	0
O75694	0	1	1	1	0	1
O75718	1	1	1	1	0	1
O75792	0	0	0	0	0	1
O75794	0	0	0	0	0	1
O75817	0	0	0	0	0	0
O75818	0	0	0	0	0	0
O75879	0	0	0	0	1	0
O75909	0	0	1	0	0	0
O75937	1	1	0	0	1	1
O75940	0	0	1	0	0	0
O75964	0	1	0	1	0	1
O76003	1	1	1	1	0	0
O76021	0	0	0	0	0	0
O76071	1	1	1	1	0	1
O76080	0	0	0	0	1	1
O76094	0	0	1	1	0	0
O94763	1	1	1	1	1	0
O94776	1	1	1	0	1	1
O94832	1	1	1	1	1	0
O94842	0	0	0	0	0	0
O94874	1	1	1	1	0	1
O94887	1	0	1	0	1	0
O94903	0	0	1	1	0	0
O94905	1	0	1	1	1	0
O94925	0	1	0	0	1	1
O94952	1	1	1	1	0	0
O94973	1	0	1	0	1	0
O94979	1	1	1	1	0	1
O94992	1	0	0	0	1	1
O95059	0	0	0	0	0	0
O95104	1	0	1	0	0	0
O95166	1	1	1	1	1	0
O95182	1	1	1	0	1	1
O95197	1	1	0	0	1	1
O95202	1	1	1	0	1	1
O95218	0	1	1	0	0	1
O95232	0	0	0	0	0	0
O95248	1	1	0	1	1	1
O95292	0	0	0	0	0	0
O95295	1	1	1	1	1	0
O95299	0	1	0	0	0	1
O95302	1	1	1	1	0	1
O95336	0	0	0	0	1	0
O95347	1	1	1	1	0	1
O95400	0	1	1	1	0	0
O95425	1	1	1	0	1	1
O95433	1	1	1	0	1	1
O95456	1	1	1	1	0	1
O95478	1	1	1	1	0	1
O95486	0	0	0	0	1	0
O95573	1	1	1	1	0	1
O95602	1	0	1	0	1	1
O95619	1	1	1	0	1	1
O95707	0	0	0	0	0	0
O95747	0	1	0	1	0	1
O95751	0	1	0	0	0	1
O95777	1	0	1	0	0	1
O95782	1	0	0	0	1	1
O95793	0	0	0	0	0	0
O95801	0	0	1	0	0	0
O95817	1	1	1	0	1	1
O95819	0	0	0	0	0	0
O95831	1	1	1	1	0	1
O95861	0	0	1	1	0	0
O95881	0	1	1	1	0	1
O96005	0	0	0	0	0	1
O96013	1	0	1	0	1	0
P0C0S5;Q71UI9	0	0	0	1	0	0
P0C0S8;P20671;Q96KK5;Q99878;Q9BTM1	0	0	0	0	0	0
P0C2W1	1	0	1	1	0	0
P0DJ07	1	0	1	1	0	0
P0DPA2	1	0	0	0	1	1
P0DPB6	1	1	1	0	1	1
P00167	1	0	1	0	1	1
P00338	1	1	1	1	0	1
P00367	1	1	1	1	0	1
P00441	0	0	0	0	0	0
P00491	0	0	1	0	0	1
P00492	0	0	0	1	0	0
P00558	0	1	1	1	0	1
P00918	0	0	1	1	0	0
P01040	0	0	0	0	1	0
P01834;P0DOX7	1	1	0	0	1	1
P01857;P0DOX5	0	0	1	0	0	0
P01860	1	1	1	0	1	1
P02545	0	1	0	0	0	1
P02768	1	1	0	0	1	1
P03928	0	0	0	0	0	0
P04040	0	1	0	0	0	1
P04066	1	1	1	0	0	1
P04075	1	1	1	1	0	0
P04080	1	1	0	0	1	1
P04179	0	0	0	0	1	0
P04181	1	1	1	1	0	1
P04183	1	1	1	1	0	1
P04279	0	1	0	1	0	1
P04632	0	1	1	1	0	0
P04637	1	1	0	1	1	1
P04792	1	1	0	1	1	1
P04818	1	1	1	1	0	1
P05089	0	1	0	0	1	1
P05109	1	1	0	1	1	1
P05141	0	0	0	0	0	1
P05165	1	1	0	1	1	1
P05166	1	1	0	1	1	1
P05198	0	0	0	0	0	0
P05204	0	0	0	0	1	0
P05386	1	0	1	1	0	0
P05387	0	0	1	1	0	0
P05388	0	0	1	1	0	0
P05412	0	0	0	0	1	1
P05423	1	0	1	0	0	1
P05455	0	0	0	0	0	0
P05556	0	1	0	1	0	1
P06132	1	0	0	0	1	1
P06280	0	0	0	0	1	1
P06454	0	0	1	0	0	0
P06493	0	1	1	1	0	0
P06702	1	1	0	1	1	1
P06730	1	1	0	0	1	1
P06733	0	1	1	1	0	1
P06737	0	0	1	1	0	0
P06744	0	1	1	1	0	1
P06746	0	1	0	0	0	1
P06748	0	0	1	0	0	0
P06865	0	0	0	0	0	0
P06899;P23527;P33778;Q16778	0	0	0	0	0	0
P07108	0	0	0	0	0	0
P07195	0	1	1	1	0	1
P07196	1	1	1	1	1	0
P07203	1	1	1	1	0	0
P07355	1	1	0	1	1	1
P07384	1	1	0	1	1	1
P07476	0	1	0	1	1	0
P07602	0	1	0	1	1	1
P07737	0	1	1	1	0	1
P07741	1	1	1	1	0	0
P07814	1	1	1	1	1	0
P07858	1	1	0	1	1	0
P07900	1	1	1	1	0	1
P07910	1	0	1	0	1	0
P08134	1	1	1	1	0	1
P08195	1	1	1	1	0	0
P08238	1	1	1	1	0	1
P08240	1	1	0	0	1	1
P08243	1	1	1	1	0	1
P08397	0	1	0	0	1	1
P08559	1	1	1	1	0	0
P08579	0	0	0	0	1	1
P08621	0	0	0	0	0	0
P08651	0	0	0	0	0	0
P08708	0	0	0	0	0	0
P08758	0	1	1	1	0	1
P08865	1	0	1	0	0	0
P09001	0	0	0	0	0	0
P09012	0	0	0	0	0	0
P09110	1	1	0	1	1	1
P09132	0	0	0	0	0	0
P09211	0	1	1	1	0	1
P09234	0	0	0	0	0	0
P09429	0	0	1	0	0	0
P09493	1	1	1	0	1	1
P09543	0	1	0	1	1	1
P09651	0	0	0	1	0	0
P09661	0	0	0	0	1	1
P09669	1	1	1	1	0	1
P09874	1	0	0	0	1	0
P09936	0	0	0	0	0	0
P09960	0	0	1	1	0	0
P10155	0	0	0	0	0	0
P10412	1	1	1	0	1	1
P10599	0	1	1	1	0	1
P10619	0	1	0	1	0	0
P10644	1	1	1	1	0	0
P10809	1	1	1	1	0	0
P11047	1	1	0	0	1	1
P11171	1	0	1	0	1	0
P11172	1	1	1	1	0	1
P11182	1	1	0	1	1	1
P11387	0	0	0	0	0	0
P11413	0	0	1	0	0	0
P11498	1	1	0	1	1	1
P11586	1	1	1	1	0	1
P11802	0	1	1	1	0	0
P11940	1	1	0	1	1	1
P12074	0	0	0	1	0	0
P12081	0	0	1	0	0	0
P12235	0	1	1	1	0	1
P12236	0	0	0	0	0	0
P12268	1	1	1	1	0	1
P12273	1	1	0	1	1	1
P12277	0	1	1	1	0	0
P12429	0	0	0	0	1	1
P12532	0	0	0	1	0	0
P12955	0	0	0	1	0	0
P12956	0	0	0	0	1	0
P12755	0	0	1	1	0	0
P13010	0	0	0	0	1	0
P13073	1	1	1	1	0	1
P13473	1	1	1	1	0	0
P13489	1	1	1	1	0	1
P13639	1	1	1	1	0	1
P13667	0	0	1	0	0	0
P13674	0	1	0	1	0	0
P13693	0	1	0	1	0	0
P13804	1	1	1	1	0	1
P13984	0	0	1	1	0	0
P13995	1	1	1	1	0	1
P14174	0	1	1	1	0	1
P14324	0	0	0	1	0	0
P14406	1	1	1	0	1	1
P14550	0	1	0	1	0	1
P14618	0	1	1	1	0	0
P14625	1	1	1	1	0	1
P14635	1	0	1	0	0	1
P14678;P63162	0	0	0	0	0	0
P14735	1	1	1	0	1	1
P14854	1	1	1	1	0	1
P14866	0	0	1	0	0	0
P14868	0	1	1	1	0	0
P14927	0	0	0	0	0	0
P15104	1	1	1	1	1	0
P15121	0	0	0	0	0	0
P15170	1	1	1	1	0	0
P15311	1	0	1	0	0	0
P15374	1	1	1	1	0	1
P15531	1	1	1	1	0	1
P15586	1	1	1	0	1	1
P15735	0	1	0	0	0	1
P15880	0	0	0	1	0	0
P15884;Q99081	0	0	0	0	1	1
P15924	0	1	0	1	1	1
P15927	1	1	0	1	1	1
P16070	1	0	1	1	0	0
P16152	0	0	0	0	0	1
P16220	0	0	0	0	1	0
P16278	1	1	1	0	1	1
P16402	1	1	1	0	1	1
P16403	1	1	1	0	0	1
P16435	1	1	1	1	0	1
P16989	1	1	1	1	0	1
P17050	0	1	0	1	0	1
P17480	0	0	1	0	0	0
P17612	0	1	0	1	0	1
P17655	0	1	1	1	0	0
P17844	0	0	0	0	0	0
P17900	1	0	0	0	1	0
P17931	0	0	0	0	0	0
P17987	1	1	1	1	0	1
P18031	1	0	0	0	1	0
P18077	0	0	0	0	0	0
P18124	0	0	0	0	0	0
P18206	1	1	0	1	1	1
P18583	0	0	0	0	1	1
P18621	0	0	0	1	0	0
P18669	1	1	1	1	0	1
P18754	0	0	0	0	1	0
P18887	1	1	1	1	0	0
P19022;P55283	0	0	0	0	0	0
P19338	0	0	0	0	0	0
P19388	1	1	0	0	1	1
P19447	0	1	0	0	1	1
P19525	0	0	0	0	1	0
P19622	0	0	1	0	0	0
P19623	1	0	1	1	0	0
P19784	0	1	1	1	0	1
P19838	1	1	0	1	1	1
P19957	0	0	0	0	0	0
P20042	0	0	0	0	0	0
P20073	0	1	0	1	0	1
P20290	0	0	0	0	0	0
P20645	1	0	1	0	0	0
P20839	0	0	0	0	1	1
P21266	0	0	0	0	0	0
P21397	1	1	1	1	0	0
P21399	1	1	0	0	1	1
P21912	1	1	1	1	0	1
P21964	0	0	0	0	0	0
P22033	1	0	1	0	1	0
P22061	1	1	0	1	1	1
P22087	0	0	0	1	0	0
P22102	1	1	1	1	0	1
P22234	0	1	1	1	0	0
P22304	0	0	0	0	0	0
P22307	0	1	0	1	0	1
P22314	1	1	1	1	0	1
P22392	0	1	1	1	0	0
P22413	1	1	1	0	1	1
P22626	0	0	0	1	0	0
P22735	1	1	0	0	1	1
P23193	0	0	1	1	0	0
P23246	0	0	1	0	0	0
P23258	1	0	0	0	1	0
P23284	1	0	1	0	0	0
P23368	1	0	1	0	1	1
P23381	1	1	1	1	0	0
P23396	0	1	0	0	0	1
P23490	0	0	0	0	0	1
P23508	1	1	0	1	1	1
P23526	0	1	1	1	0	1
P23528	1	1	1	1	1	0
P23588	1	1	0	1	1	1
P23919	1	1	1	1	0	1
P23921	1	1	1	1	0	1
P24534	1	1	1	0	1	1
P24539	1	1	1	0	0	1
P24666	1	0	1	1	0	0
P24752	1	1	1	1	0	1
P24821	1	1	1	1	0	0
P24941	0	1	1	1	0	1
P25205	1	0	1	1	0	0
P25311	1	0	0	0	1	1
P25398	1	0	1	0	0	0
P25440	0	0	1	1	0	0
P26038	0	1	1	1	0	0
P26196	1	0	0	0	1	0
P26358	0	0	0	0	0	0
P26368	0	0	0	0	0	0
P26373	0	0	0	1	0	0
P26583	0	0	1	1	0	0
P26599	0	0	1	0	0	0
P26639	0	0	1	1	0	0
P26640	1	1	1	0	1	1
P26641	1	1	1	0	1	1
P27144	0	0	0	0	1	0
P27361	0	0	0	0	0	0
P27482	1	1	0	1	1	1
P27635	0	0	0	0	0	0
P27694	1	1	0	1	1	1
P27695	0	0	0	0	1	0
P28288	1	1	0	1	1	1
P28289	1	1	1	0	1	1
P28290	1	1	1	1	1	0
P28482	1	1	1	1	0	1
P28676	1	0	0	0	1	1
P28702	0	0	0	0	1	0
P28838	0	1	0	1	0	1
P29083	1	0	1	0	0	0
P29084	0	0	0	0	0	0
P29144	0	1	0	1	0	0
P29372	0	0	0	0	0	0
P29373	1	1	0	1	1	0
P29401	0	1	1	1	0	1
P29558	1	0	1	0	1	1
P29692	1	1	1	0	1	1
P29966	1	0	0	0	1	1
P29992	1	1	1	1	0	1
P30040	0	0	1	1	0	0
P30041	1	1	0	1	1	1
P30044	0	0	1	1	0	0
P30046	0	0	1	1	0	0
P30048	1	1	1	1	0	1
P30049	1	1	0	1	1	1
P30050	0	0	1	1	0	0
P30084	0	1	1	1	0	1
P30086	0	0	1	0	0	0
P30101	0	1	1	1	0	0
P30153	1	1	1	1	0	1
P30154	1	1	1	0	1	1
P30260	0	0	1	1	0	0
P30405	0	1	0	1	0	1
P30419	0	0	0	0	0	0
P30520	0	1	1	0	0	1
P30566	0	0	0	0	1	1
P30825	1	1	1	0	1	1
P30837	1	1	1	1	0	0
P31040	1	1	1	1	0	1
P31150	1	0	0	0	1	1
P31151	1	1	0	0	1	1
P31153	1	1	1	1	0	1
P31327	0	0	0	0	1	0
P31483	0	0	0	0	1	0
P31629	0	0	0	0	1	1
P31689	1	1	1	1	0	0
P31939	0	0	1	1	0	0
P31942	1	1	1	1	1	0
P31944	1	1	0	1	1	1
P31947	1	1	1	1	1	0
P31948	1	1	1	1	0	1
P31949	1	1	0	1	1	1
P32119	0	1	1	1	0	0
P32322	0	0	0	0	1	0
P32969	0	0	0	0	0	0
P33121	0	0	0	0	1	0
P33316	0	1	1	1	0	1
P33552	0	0	1	1	0	0
P33764	0	0	0	0	1	0
P33947	0	1	0	0	1	1
P33992	1	1	1	1	0	0
P35240	0	0	0	0	0	0
P35241	1	1	0	0	1	1
P35244	1	1	0	1	1	1
P35249	0	0	1	0	0	0
P35250	1	1	0	1	1	1
P35251	0	0	0	0	0	0
P35268	0	0	0	0	0	0
P35269	0	0	1	0	0	0
P35326	1	0	1	0	1	0
P35610	0	0	0	0	0	0
P35611	0	1	0	1	0	0
P35612	0	0	0	0	0	0
P35613	1	1	1	1	0	1
P35637	1	0	0	0	1	0
P35658	1	1	1	1	0	0
P35659	0	0	1	1	0	0
P36405	0	0	0	1	0	0
P36507	0	1	1	1	0	1
P36543	1	1	1	1	0	1
P36551	0	1	1	1	0	0
P36578	0	0	0	1	0	0
P36776	1	1	1	1	0	0
P36873	1	0	1	1	1	0
P36954	1	1	1	1	0	1
P37108	0	0	0	0	0	0
P37198	1	1	1	1	0	0
P37837	0	0	0	0	0	0
P38117	1	1	1	1	0	1
P38159	0	0	0	1	0	0
P38919	0	0	0	0	0	0
P39019	0	0	0	0	1	0
P39023	0	0	0	0	0	0
P39687	1	1	1	1	0	1
P39748	0	0	0	0	0	0
P40222	1	0	1	0	1	0
P40429	0	0	0	0	0	0
P40692	1	1	1	0	1	1
P40763	1	1	1	0	1	1
P40925	0	1	1	1	0	1
P40926	1	1	1	1	0	1
P40937	0	0	0	1	0	0
P40938	1	0	1	1	0	0
P41091	0	0	0	0	0	0
P41214	1	0	0	0	1	1
P41219	0	1	1	1	0	1
P41223	0	0	0	0	0	0
P41227	0	0	1	0	0	0
P41240	0	0	0	0	1	1
P41250	0	0	1	1	0	0
P41252	1	1	1	1	1	0
P41743	0	0	1	0	0	0
P42025	1	1	0	0	1	1
P42126	1	1	0	1	1	1
P42166	1	1	0	1	1	1
P42167	1	1	1	0	1	1
P42285	0	0	0	0	0	0
P42357	1	1	1	1	1	0
P42677	0	1	1	1	0	1
P42696	0	0	0	0	0	0
P42765	0	0	0	0	1	0
P42766	0	0	1	1	0	0
P42771	1	1	1	1	0	1
P42773	0	0	1	0	0	0
P43034	0	1	1	1	0	1
P43243	1	1	1	1	1	0
P43304	1	0	1	1	0	0
P43378	0	1	0	0	1	1
P43487	0	1	1	1	0	1
P43897	1	1	1	0	1	1
P45974	0	1	1	1	0	1
P46060	1	1	1	1	0	0
P46063	0	0	0	0	0	0
P46087	0	0	1	0	0	0
P46109	0	0	1	0	0	0
P46199	0	0	0	1	1	0
P46776	0	0	0	0	0	0
P46777	0	0	1	1	0	0
P46778	0	0	0	1	0	0
P46779	0	0	0	1	0	0
P46781	0	0	0	1	0	0
P46782	1	0	1	0	1	0
P46783	1	0	1	1	1	0
P46821	1	0	0	0	1	1
P46939	1	1	1	1	0	1
P46977	1	0	0	0	1	1
P47224	0	0	0	0	1	1
P47712	1	0	0	0	1	1
P47813	0	0	1	0	0	0
P47897	1	1	1	1	1	0
P47914	0	0	1	0	0	0
P47929	1	1	0	1	1	1
P47985	1	1	1	1	0	1
P48059	1	1	1	1	0	1
P48454	0	0	0	0	0	0
P48507	0	0	0	0	1	0
P48556	1	1	1	1	1	0
P48594	1	1	1	1	1	0
P48634	1	1	1	1	0	0
P48643	1	1	1	1	0	1
P48681	0	0	0	0	0	1
P48723	1	1	1	1	1	0
P48729	1	0	0	0	1	0
P48730;P49674	0	0	1	1	0	0
P48735	0	1	1	1	0	0
P48739	1	1	1	1	0	1
P48745	0	1	1	1	0	1
P49005	1	1	1	1	0	1
P49006	1	1	1	0	1	1
P49023	1	1	1	0	1	1
P49189	0	0	1	1	0	0
P49207	0	0	0	0	0	0
P49327	1	1	1	1	0	1
P49354	1	0	1	1	0	0
P49368	1	1	1	1	0	1
P49406	0	0	0	0	0	0
P49411	1	1	1	1	0	1
P49419	1	1	1	1	0	1
P49458	0	0	0	0	0	0
P49585;Q9Y5K3	0	0	0	1	0	0
P49588	1	1	1	0	0	1
P49590	0	0	0	1	0	0
P49591	1	0	1	0	0	0
P49593	1	1	1	1	1	0
P49711	0	1	1	1	0	1
P49736	1	1	1	1	0	1
P49750	0	0	0	0	0	0
P49756	0	0	1	1	0	0
P49757	1	0	1	1	1	0
P49770	1	0	1	0	1	1
P49773	0	1	1	0	0	1
P49792	0	1	0	1	1	0
P49840	0	1	0	1	1	1
P49841	0	0	0	0	1	1
P49915	0	0	0	0	0	1
P49916	0	0	0	0	0	1
P49917	0	0	0	0	0	0
P50148	1	1	1	0	1	1
P50395	1	1	1	1	1	0
P50402	1	0	1	1	1	0
P50454	1	0	1	1	0	0
P50502	0	1	0	1	0	1
P50570	1	1	1	0	1	1
P50579	0	0	0	0	0	0
P50747	1	1	0	1	1	1
P50750	0	0	0	0	1	0
P50914	0	0	0	0	0	0
P50990	1	1	1	1	0	1
P50991	1	1	1	1	0	1
P50995	1	1	0	0	1	1
P51114	0	0	0	1	0	0
P51116	0	0	0	1	0	0
P51148	1	1	1	1	0	1
P51151;Q9NP90	1	1	1	0	1	1
P51398	0	0	1	0	0	0
P51532	0	0	0	0	0	0
P51553	0	0	0	0	0	0
P51570	1	1	1	1	0	1
P51571	1	1	1	1	0	1
P51572	1	0	1	0	0	1
P51610	0	0	1	0	0	0
P51659	1	1	0	1	1	1
P51687	1	0	0	0	1	0
P51784	1	0	1	1	0	0
P51858	0	0	0	0	1	0
P51970	1	1	1	1	1	0
P51991	0	0	0	1	0	0
P52209	0	0	0	0	0	0
P52272	0	0	1	1	0	0
P52292	1	1	1	1	0	1
P52294	0	0	0	1	0	0
P52298	0	0	0	0	1	0
P52306	1	1	1	1	0	0
P52434	1	1	1	0	1	1
P52565	1	0	1	0	1	0
P52597	1	1	1	1	0	1
P52655	1	1	1	0	1	1
P52701	0	0	0	1	0	0
P52732	1	1	1	1	0	1
P52758	0	1	0	0	0	1
P52788	0	0	0	0	1	0
P52815	0	1	0	1	1	0
P52888	0	0	0	0	0	1
P53004	0	0	0	0	0	0
P53007	0	0	1	1	0	0
P53041	0	0	0	0	0	0
P53350	0	0	0	0	0	0
P53384	0	0	1	1	0	0
P53582	0	0	1	0	0	0
P53597	1	1	1	1	0	1
P53634	1	1	1	1	1	0
P53680	0	0	0	0	1	0
P53803	1	1	0	0	1	1
P53985	1	1	1	0	1	1
P53999	0	0	0	0	0	0
P54098	0	0	0	0	1	0
P54132	0	0	0	0	0	0
P54136	1	1	1	1	1	0
P54577	1	0	1	1	0	0
P54578	1	0	1	0	1	0
P54619	0	0	1	1	0	0
P54727	1	1	0	1	1	1
P54819	1	1	1	1	0	1
P55010	0	0	1	1	0	0
P55072	1	1	0	1	1	1
P55081	1	1	0	1	1	1
P55196	0	0	1	0	0	0
P55199	0	1	0	0	0	1
P55209	0	1	1	1	0	1
P55210	0	1	0	0	0	1
P55212	0	0	0	0	1	1
P55265	0	0	0	0	1	0
P55347	0	1	0	0	1	1
P55735	1	1	0	1	1	1
P55769	0	0	1	0	0	0
P55786	1	1	1	1	0	1
P55789	1	1	1	1	1	0
P55795	1	1	0	1	1	1
P56134	1	1	1	0	1	1
P56182	0	1	1	0	0	1
P56270	0	0	1	0	0	0
P56377	1	1	1	1	0	1
P56537	0	0	1	1	0	0
P56545	0	1	1	1	0	1
P56556	1	1	1	1	0	0
P56705	0	0	0	0	0	0
P57081	0	0	0	0	1	0
P57088	0	1	1	1	0	1
P57678	1	1	1	0	0	1
P57682;Q9Y4X4	1	0	1	0	0	0
P57721	0	0	1	0	0	1
P57740	1	1	1	1	0	1
P57772	1	0	0	0	1	0
P58546	0	0	1	1	0	0
P59665;P59666	1	1	1	0	1	1
P59998	1	1	1	1	1	0
P60002	0	0	0	0	0	0
P60059	0	0	0	0	0	0
P60174	0	1	1	1	0	1
P60604	0	0	0	0	1	0
P60842	1	0	1	1	0	0
P60866	0	0	0	0	1	0
P60891	1	1	1	1	0	1
P60953	0	0	1	1	0	0
P60981	1	0	1	0	1	0
P61011	0	0	0	0	0	0
P61019	1	1	1	1	0	1
P61024	0	0	0	0	1	1
P61026	1	1	1	1	0	0
P61077;P62837	0	0	1	0	0	0
P61081	1	1	0	1	1	1
P61086	1	1	0	1	1	1
P61088	0	0	1	1	0	0
P61106	0	1	1	1	0	1
P61165	0	1	0	0	1	1
P61204;P84077	1	1	1	1	0	0
P61218	1	1	1	0	0	1
P61225	1	0	0	0	1	1
P61244	1	1	0	0	1	1
P61247	0	0	0	0	0	0
P61254	1	0	1	0	0	0
P61289	1	1	1	1	0	0
P61313	0	0	0	0	0	0
P61353	0	0	0	1	0	0
P61371	0	1	0	0	0	1
P61513	0	0	0	1	0	0
P61586	1	1	1	1	0	1
P61604	0	1	1	1	0	1
P61626	1	1	0	0	1	1
P61758	0	0	1	1	0	0
P61764	1	0	0	0	1	1
P61769	1	1	0	0	1	1
P61923	1	1	1	1	0	1
P61927	0	0	0	0	0	0
P61956	1	1	1	0	0	1
P61962	0	1	1	1	0	1
P61964	1	1	0	0	1	1
P61970	0	0	1	0	0	0
P61978	1	1	1	1	0	1
P62068	1	1	1	1	0	1
P62070	0	0	0	1	1	0
P62072	0	1	1	1	0	1
P62081	0	0	0	0	0	0
P62140	1	1	1	1	1	0
P62241	0	0	0	1	0	0
P62244	0	0	0	0	0	0
P62249	0	0	0	1	0	0
P62258	1	1	1	1	0	1
P62263	0	0	0	0	0	0
P62266	0	0	0	1	0	0
P62269	0	0	0	0	0	0
P62273	0	0	0	0	1	0
P62277	0	0	0	0	0	0
P62280	0	0	0	0	0	0
P62304	0	0	0	0	0	0
P62306	1	0	1	0	0	0
P62310	1	1	1	0	1	1
P62312	1	1	0	0	1	1
P62314	0	0	0	0	1	1
P62316	0	0	0	0	1	1
P62318	0	0	0	0	0	0
P62328	0	0	1	1	0	0
P62424	0	0	0	1	0	0
P62487	1	1	1	1	0	1
P62495	1	0	1	0	1	0
P62633	0	1	1	1	0	1
P62699	0	0	1	0	0	0
P62701	0	0	0	0	1	0
P62714	0	0	1	1	0	0
P62745	0	0	0	0	0	1
P62750	0	1	1	1	0	0
P62753	0	0	0	1	0	0
P62805	1	0	1	1	1	0
P62826	0	0	0	0	0	0
P62829	0	0	0	1	0	0
P62841	0	0	0	1	0	0
P62847	0	0	0	0	0	0
P62851	1	0	0	0	1	0
P62854;Q5JNZ5	0	0	0	1	0	0
P62857	1	0	0	0	1	0
P62861	0	0	0	0	0	0
P62873	1	1	1	1	0	0
P62875	1	1	0	1	1	1
P62879	1	1	1	1	0	1
P62888	0	0	0	0	0	0
P62891;Q59GN2	0	0	0	0	0	0
P62899	0	0	0	0	0	0
P62906	0	0	0	0	0	0
P62910	0	0	0	1	0	0
P62913	0	0	0	0	0	0
P62917	0	0	0	1	0	0
P62937	0	1	1	1	0	1
P62942	1	0	0	1	1	0
P62979	1	0	0	0	1	0
P62993	0	0	1	1	0	0
P62995	0	1	0	0	1	1
P63000	0	1	1	1	0	0
P63010	1	0	1	0	1	0
P63092;Q5JWF2	1	1	0	0	1	1
P63096	1	0	1	0	1	1
P63098	0	0	1	1	0	0
P63151	0	1	1	1	0	1
P63165	0	1	1	1	0	1
P63173	1	0	1	1	0	0
P63208	0	1	1	1	0	0
P63220	1	1	1	1	0	1
P63241	0	1	1	1	0	0
P63244	1	0	1	0	0	1
P63272	1	0	1	1	1	0
P63279	0	0	1	0	0	0
P63313	0	0	0	0	0	0
P67775	1	1	1	1	0	1
P67809	0	0	0	0	0	1
P67870	1	1	1	1	0	1
P68036	1	1	1	1	0	0
P68371	1	1	1	1	0	1
P68400	1	1	1	1	0	1
P68402	0	1	1	1	0	0
P68871	0	0	0	0	1	0
P78316	0	0	0	1	0	0
P78318	1	1	1	1	0	1
P78344	1	0	1	0	1	1
P78345	0	0	0	0	0	0
P78346	0	0	0	0	0	0
P78362	0	0	0	0	0	0
P78368	0	0	1	0	0	0
P78371	1	1	1	1	0	1
P78406	0	0	0	1	0	0
P78417	0	1	1	1	0	1
P78527	0	1	0	1	0	0
P80188	0	1	0	1	0	0
P80723	0	0	0	0	0	0
P82094	0	0	0	0	0	0
P82650	0	0	0	0	0	0
P82663	0	0	1	0	0	0
P82664	0	0	0	0	0	0
P82673	0	0	1	0	0	0
P82675	0	0	0	0	0	0
P82912	0	0	0	0	0	0
P82914	0	0	0	1	0	0
P82921	1	0	1	0	1	0
P82930	0	0	0	0	0	0
P82932	0	0	0	0	0	0
P82933	0	0	1	0	0	0
P82979	0	0	0	1	1	0
P83731	0	0	0	1	0	0
P83881	0	0	1	1	0	0
P84022	1	0	1	1	0	0
P84090	0	0	0	0	0	0
P84098	0	0	1	1	0	0
P84103	0	0	1	1	0	0
P84243	0	0	0	0	0	0
P85037	1	1	1	1	1	0
P98170	0	0	1	1	0	0
P98175	0	1	1	1	0	0
P98179	0	0	0	0	0	0
P99999	0	0	0	1	0	0
Q0JRZ9	0	0	0	0	0	0
Q0VDF9	0	0	0	0	0	0
Q0VGL1	1	1	1	1	0	0
Q1ED39	0	0	1	0	0	0
Q1KMD3	0	0	0	0	0	0
Q2NL82	0	0	0	0	0	0
Q2T9J0	0	0	1	1	0	0
Q2TAY7	0	0	0	1	0	0
Q2VPK5	1	1	1	0	0	1
Q3B726	0	0	0	0	0	0
Q3KQU3	1	0	1	1	0	0
Q3MHD2	1	1	0	1	1	1
Q3MIT2	0	0	0	1	0	0
Q3SXM5	0	1	0	1	1	1
Q3YEC7	1	1	0	0	1	1
Q4G0J3	0	0	0	0	0	0
Q4G148	1	1	1	1	0	1
Q4J6C6	1	0	1	0	0	0
Q4KMP7	0	0	0	0	0	0
Q4U2R6	1	0	0	1	1	0
Q4VC05;Q8WUZ0;Q9BQE9	0	0	0	0	0	0
Q4VC31	0	1	1	1	0	1
Q5BKY9;Q8N9E0	0	0	0	0	0	0
Q5BKZ1	1	1	1	0	1	1
Q5C9Z4	0	0	0	0	0	0
Q5EBL4	0	0	0	0	1	0
Q5EBL8	1	1	0	1	1	1
Q5F1R6	1	1	0	1	1	1
Q5H9R7	1	1	1	1	0	1
Q5HYJ3;Q8TAV0	0	1	1	1	0	1
Q5JS54	0	0	0	0	1	1
Q5JSZ5	1	1	1	1	1	0
Q5JTH9	0	0	0	1	0	0
Q5JTZ9	1	1	1	1	0	1
Q5JVF3	0	0	0	1	0	0
Q5JVS0	1	0	1	1	0	0
Q5M9N0	0	1	0	0	0	1
Q5PRF9	0	0	0	0	1	0
Q5R372	1	1	1	1	0	1
Q5RKV6	0	0	0	0	0	0
Q5SSJ5	0	0	1	0	0	0
Q5SW79	0	1	1	1	0	1
Q5SXM8	1	1	1	0	1	1
Q5SYE7	0	1	0	0	1	1
Q5T5Y3	0	0	1	0	0	0
Q5T8P6	1	0	1	1	0	0
Q5T653	0	0	0	0	0	0
Q5TBB1	0	0	0	0	0	0
Q5TC12	0	0	1	1	0	0
Q5U5X0	0	0	0	0	0	0
Q5UIP0	0	0	0	0	0	1
Q5VSL9	0	1	0	0	1	1
Q5VTB9	1	1	1	0	1	1
Q5VTE6	0	0	0	0	0	0
Q5VTL8	0	0	0	0	0	0
Q5VTR2	1	1	0	0	1	1
Q5VUA4	0	0	0	0	0	0
Q5VUJ6	1	0	1	1	1	0
Q5VWQ0	0	0	0	0	0	0
Q5W111	0	1	1	0	0	1
Q5XKP0	1	1	0	0	1	1
Q6AI12	1	1	1	0	1	1
Q6DD87	0	0	1	0	0	0
Q6DD88	0	1	0	0	1	1
Q6DKI1	0	0	1	1	0	0
Q6DKJ4	0	0	0	0	0	0
Q6FI81	1	1	1	1	0	0
Q6GMV3	1	1	1	0	1	1
Q6IAA8	1	1	1	1	0	1
Q6IBS0	1	1	1	1	1	0
Q6IN84	0	1	0	0	0	1
Q6IN85	1	1	1	0	1	1
Q6IPR3	0	0	0	0	1	1
Q6L8Q7	1	0	1	0	1	0
Q6NSI4	0	0	1	0	0	0
Q6NUJ1	0	0	0	0	0	0
Q6NW29	0	0	0	0	1	1
Q6NVY1	0	1	0	0	1	1
Q6NWY9	0	0	0	0	1	0
Q6NXE6	1	1	1	0	1	1
Q6NYC1	1	1	0	1	1	1
Q6NZY4	0	0	0	0	0	0
Q6P1J9	0	0	0	0	1	1
Q6P1L8	1	0	1	1	1	0
Q6P1R4	0	0	0	0	0	1
Q6P2E9	0	0	0	1	0	0
Q6P6C2	0	0	1	1	0	0
Q6P158	0	0	1	0	0	0
Q6P161	0	0	0	0	1	0
Q6PCB5	0	0	0	0	0	0
Q6PD62	1	1	0	0	1	1
Q6PGP7	0	0	0	0	1	0
Q6PI48	1	0	1	0	0	1
Q6PID8	1	1	0	1	1	1
Q6PJT7	1	1	1	0	1	1
Q6PJW8	1	0	1	0	1	0
Q6PKG0	0	0	1	0	0	0
Q6QNY0	1	0	0	0	1	1
Q6UB35	0	1	1	1	0	1
Q6UN15	0	1	0	1	0	1
Q6UWP7	1	1	0	0	1	1
Q6UWP8	0	1	0	0	1	1
Q6UXN9	0	1	1	0	0	1
Q6W2J9	0	0	0	0	0	1
Q6WCQ1	0	1	0	1	0	0
Q6Y7W6	1	1	1	1	0	1
Q6YHK3	1	0	1	0	1	1
Q6YN16	0	0	1	0	0	0
Q6ZN17	0	0	1	0	0	0
Q6ZRP7	0	0	0	0	1	1
Q6ZTN6;Q8IZ07	0	0	0	0	1	1
Q6ZU35	0	0	0	0	1	0
Q6ZVM7	1	0	1	0	1	1
Q6ZVX7	1	1	0	0	1	1
Q6ZXV5	0	0	0	0	1	0
Q7KZ85	1	1	1	1	0	1
Q7KZF4	0	0	0	0	0	0
Q7L0Y3	0	0	0	0	0	0
Q7L1Q6	1	1	1	0	0	1
Q7L2E3	0	0	0	0	0	0
Q7L2J0	0	0	0	0	0	0
Q7L3S4	0	0	1	1	0	0
Q7L5N1	1	1	0	1	1	1
Q7L5Y9	1	1	0	1	1	1
Q7L7X3	0	0	0	0	1	1
Q7L8L6	0	0	0	0	0	0
Q7L014	0	0	1	1	0	0
Q7L099	0	0	0	0	0	1
Q7L523	1	1	1	1	0	0
Q7L576	1	1	1	0	1	1
Q7LG56	1	1	0	1	1	1
Q7LGA3	1	0	0	0	1	0
Q7RTP6	1	1	1	0	1	1
Q7RTV0	1	1	0	1	1	1
Q7Z2E3	0	0	0	0	0	0
Q7Z2T5	0	0	0	0	0	0
Q7Z2W4	0	0	0	0	0	0
Q7Z2W9	0	0	0	0	0	0
Q7Z3B4	0	0	0	0	0	1
Q7Z3T8	1	0	1	0	1	0
Q7Z4H3	0	0	1	0	0	0
Q7Z4Q2	0	0	0	1	0	0
Q7Z4S6	0	0	0	0	1	0
Q7Z4V5	1	1	1	0	0	1
Q7Z5K2	1	0	1	0	0	0
Q7Z6E9	1	0	1	0	1	1
Q7Z6J9	0	0	0	1	0	0
Q7Z6M2	1	1	1	0	1	1
Q7Z6V5	0	0	1	0	0	1
Q7Z7E8	0	0	0	0	0	0
Q7Z7F7	0	0	0	1	1	0
Q7Z7H5	1	1	1	0	1	1
Q7Z7H8	1	1	0	0	1	1
Q7Z7L1	1	1	1	0	0	1
Q7Z7M8	1	1	0	0	1	1
Q7Z309	0	0	0	1	0	0
Q7Z417	1	1	1	0	1	1
Q7Z460	0	0	0	0	0	1
Q7Z478	0	0	0	0	1	0
Q08AD1	0	0	1	0	0	0
Q08AG7	1	0	0	0	1	1
Q8IUD2	1	1	1	0	1	1
Q8IUF8	0	0	0	0	0	0
Q8IUH3	0	1	0	1	0	0
Q8IUR6	1	1	0	1	1	1
Q8IVF2	0	0	0	1	0	0
Q8IVS2	0	0	0	0	0	0
Q8IWB1	0	1	0	1	0	1
Q8IWB7	0	0	1	0	0	1
Q8IWF6	0	0	0	0	0	1
Q8IWP9	0	0	1	1	0	0
Q8IWS0	0	0	1	0	0	0
Q8IWV8	1	1	1	1	0	0
Q8IWZ3	1	1	0	1	1	1
Q8IX12	0	1	0	0	1	1
Q8IX18	1	0	0	0	1	1
Q8IXB1	0	0	1	0	0	1
Q8IXH7	1	1	1	0	1	1
Q8IXM2	0	0	0	0	0	0
Q8IXM3	0	0	0	0	0	0
Q8IY18	1	1	1	0	0	1
Q8IY81	1	0	1	1	0	0
Q8IYB3	0	0	1	0	0	0
Q8IYB5	0	0	0	0	0	0
Q8IYB8	0	0	0	0	0	0
Q8IYB9	0	0	0	0	0	1
Q8IYD1	0	0	0	0	0	0
Q8IYL3	1	1	0	1	1	0
Q8IYS1	1	1	1	1	0	0
Q8IZ69	0	0	0	0	0	0
Q8IZ73	0	0	0	1	0	0
Q8IZ83	1	1	0	1	1	1
Q8IZL8	0	0	1	1	0	0
Q8IZP0	1	0	0	0	1	1
Q08J23	0	0	0	0	0	0
Q8N0T1	1	0	1	0	1	0
Q8N0V3	0	1	0	0	0	1
Q8N0Y2	1	0	1	1	0	0
Q8N1G2	0	0	0	1	0	0
Q8N1G4	0	0	0	0	0	0
Q8N3C0	0	0	1	1	0	0
Q8N3R9	0	1	0	0	1	1
Q8N3X1	0	0	0	0	1	1
Q8N3Z3	0	1	0	1	0	1
Q8N4H5	0	1	0	1	0	1
Q8N4J0	0	0	0	0	0	0
Q8N4V1	0	0	0	0	0	0
Q8N5C6	0	0	0	0	0	0
Q8N5F7	0	0	1	1	0	0
Q8N5I2	1	0	1	0	0	1
Q8N5K1	1	1	0	1	1	0
Q8N5L8	0	0	0	0	0	0
Q8N5M1	1	1	0	1	1	1
Q8N5N7	1	1	0	1	1	1
Q8N5P1	0	0	1	0	0	0
Q8N5W9	1	0	0	0	1	1
Q8N5Z5	0	0	0	1	0	0
Q8N6M0	0	0	1	0	0	1
Q8N6R0	0	0	0	1	0	0
Q8N6T3	1	1	1	1	0	0
Q8N7H5	1	0	0	0	1	1
Q8N8A6	0	1	0	0	0	1
Q8N9N2	0	0	0	0	0	0
Q8N9N8	1	0	0	0	1	1
Q8N9T8	0	0	1	1	0	0
Q8N543	1	0	1	0	0	1
Q8N556	0	0	0	0	1	0
Q8N568	0	0	0	0	1	1
Q8N684	0	0	0	0	0	0
Q8N766	1	1	1	0	1	1
Q8N983	0	0	0	0	1	0
Q8N999	0	0	0	0	0	0
Q8NAF0	0	0	0	1	1	0
Q8NAV1	1	0	1	1	1	0
Q8NB37	1	1	1	1	0	0
Q8NB46	1	1	1	1	0	1
Q8NBF2	0	0	0	0	1	1
Q8NBI6	1	1	0	0	1	1
Q8NBJ7	0	0	1	1	0	0
Q8NBS9	0	1	1	1	0	1
Q8NC51	1	0	1	0	0	0
Q8NC60	0	0	1	0	0	0
Q8NC69	1	1	1	1	0	1
Q8NCA5	0	0	0	0	0	0
Q8NCJ5	0	1	0	0	0	1
Q8NCW5	1	0	0	0	1	1
Q8ND56	1	1	1	1	0	0
Q8NDC0	1	1	0	0	1	1
Q8NE71	0	0	0	0	0	0
Q8NEC7	1	0	0	0	1	0
Q8NEF9	1	1	1	0	0	1
Q8NEZ5	1	1	0	1	1	1
Q8NF37	0	1	1	1	0	1
Q8NFH3	0	1	0	0	0	1
Q8NFQ8	0	0	0	0	1	1
Q8NFW8	0	0	0	0	0	0
Q8NG08	0	0	0	0	0	0
Q8NHG8	1	1	0	0	1	1
Q8NHM4	1	1	0	1	1	1
Q8NHQ9	0	0	1	0	0	0
Q8NI36	0	0	0	0	1	0
Q8NI60	0	0	0	0	0	0
Q8TA86	0	0	1	0	0	1
Q8TAE8	1	0	0	0	1	1
Q8TAF3	1	1	1	1	0	1
Q8TAP8	0	0	0	0	0	0
Q8TAQ2	1	0	1	0	0	0
Q8TAT6	0	0	0	0	0	0
Q8TB37	1	1	1	1	0	1
Q8TB52	1	1	0	1	1	1
Q8TB72	1	1	1	1	1	0
Q8TBX8	1	1	0	0	1	1
Q8TBZ6	0	0	0	0	1	1
Q8TC12	0	1	0	0	1	1
Q8TCC3	0	0	0	0	1	0
Q8TCJ2	0	1	0	0	1	1
Q8TCX1	0	1	1	1	0	1
Q8TCY9	1	0	0	0	1	0
Q8TD19	1	1	1	1	0	1
Q8TDD1	0	0	0	0	0	0
Q8TDN6	0	0	0	1	0	0
Q8TDP1	1	0	0	0	1	0
Q8TDR0	0	0	1	1	0	0
Q8TE56	0	0	0	0	0	0
Q8TEA1	1	1	0	1	1	0
Q8TEB1	0	1	0	0	0	1
Q8TED0	0	0	0	0	0	0
Q8TEQ6	0	0	0	0	0	0
Q8TEX9	0	1	0	1	0	1
Q8TF01	0	0	0	0	0	0
Q8WU90	0	0	1	0	0	0
Q8WUA2	0	0	1	0	0	1
Q8WUA4	0	0	0	0	0	0
Q8WUB8	0	0	0	0	0	0
Q8WUD4	0	0	0	0	0	0
Q8WUM0	1	1	1	1	0	1
Q8WUM4	1	1	1	0	1	1
Q8WUQ7	0	0	0	0	0	0
Q8WVC0	1	1	0	0	1	1
Q8WVJ2	0	0	0	0	0	1
Q8WVK2	0	0	0	0	0	0
Q8WVM0	0	0	1	0	0	0
Q8WVT3	1	1	0	1	1	1
Q8WVV4	1	0	1	0	0	1
Q8WVV9	0	0	0	0	0	0
Q8WVX9	0	1	0	1	0	1
Q8WVY7	1	1	1	1	0	0
Q8WW12	0	1	0	0	1	1
Q8WW59	0	0	0	0	1	1
Q8WWC4	1	1	1	1	0	1
Q8WWH5	0	0	0	0	0	0
Q8WWK9	0	0	0	0	0	0
Q8WWY3	0	0	0	0	0	0
Q8WX92	1	0	1	1	0	0
Q8WXA9	1	1	1	0	0	1
Q8WXF1	1	0	1	1	1	0
Q8WXH0	0	1	0	1	0	1
Q8WXI9	1	1	1	0	1	1
Q8WXX5	0	0	0	1	0	0
Q8WY54	0	1	0	0	1	1
Q8WYA6	1	0	1	0	0	0
Q8WYQ5	0	0	1	0	0	0
Q9BPW8	1	0	1	1	1	0
Q9BPX3	1	1	1	1	0	0
Q9BPX5	1	1	1	1	1	0
Q9BQ15	1	1	1	0	0	1
Q9BQ39	0	0	0	0	0	0
Q9BQ50	1	0	0	0	1	0
Q9BQ52	0	0	0	0	0	0
Q9BQ67	0	0	0	0	0	0
Q9BQ70	1	1	1	1	0	0
Q9BQ75	0	0	0	0	0	0
Q9BQ90	1	1	0	1	1	1
Q9BQA1	1	1	1	1	0	1
Q9BQC3	1	1	1	1	0	0
Q9BQC6	1	0	0	0	1	0
Q9BQE3	1	1	1	1	0	0
Q9BQG0	0	0	0	0	0	0
Q9BQI0	1	0	1	0	1	0
Q9BQS8	0	0	0	0	1	0
Q9BR76	1	0	1	0	1	0
Q9BRA0	0	0	0	0	0	0
Q9BRA2	0	0	0	0	0	1
Q9BRG1	0	1	0	1	1	1
Q9BRJ2	0	0	0	0	1	0
Q9BRJ6	0	0	0	0	0	0
Q9BRP1	0	1	0	0	0	1
Q9BRP8	0	0	0	0	0	0
Q9BRR6	1	0	1	0	1	0
Q9BRS2	0	0	1	0	0	0
Q9BRT2	1	1	1	1	1	0
Q9BRT6	0	0	0	0	0	0
Q9BRU9	1	1	0	0	1	1
Q9BS18	0	1	0	1	0	1
Q9BS26	0	0	0	0	1	1
Q9BSB4	1	1	0	0	1	1
Q9BSD7	1	0	1	0	0	0
Q9BSG0	0	0	0	0	0	0
Q9BSJ2	1	1	1	1	0	0
Q9BSV6	0	0	0	0	0	0
Q9BT22	1	1	0	0	1	1
Q9BTC0	1	0	1	1	0	0
Q9BTC8	0	0	0	0	0	0
Q9BTD8	0	0	0	1	0	0
Q9BTE3	1	1	1	1	0	1
Q9BTE6	0	0	0	0	0	0
Q9BTE7	0	1	1	1	0	0
Q9BTL3	1	1	0	0	1	1
Q9BTT0	1	1	1	1	0	1
Q9BTT6	0	0	0	0	0	0
Q9BTV4	0	0	0	0	1	0
Q9BU23	0	1	0	0	0	1
Q9BU61	0	1	0	1	1	1
Q9BU76	0	0	0	0	0	0
Q9BU89	1	1	1	1	0	1
Q9BUA3	1	1	1	0	1	1
Q9BUB4	1	0	1	1	0	0
Q9BUH6	1	1	0	1	1	1
Q9BUI4	0	0	1	1	0	0
Q9BUJ2	0	0	0	1	0	0
Q9BUK0	1	1	1	0	1	1
Q9BUL8	0	1	1	1	0	0
Q9BUL9	0	1	0	1	0	1
Q9BUN8	1	0	1	0	0	0
Q9BUP0	1	0	1	0	1	1
Q9BUQ8	0	0	1	1	0	0
Q9BUR5	1	0	0	0	1	1
Q9BV20	1	0	1	0	0	1
Q9BV38	0	0	1	1	0	0
Q9BV44	0	0	1	1	0	0
Q9BV57	1	0	1	1	1	0
Q9BV68	1	1	1	1	0	1
Q9BV86	0	0	0	1	0	0
Q9BVC5	0	0	0	0	0	0
Q9BVI4	0	0	0	0	0	0
Q9BVJ6	0	0	1	0	0	0
Q9BVM2	1	0	1	1	0	0
Q9BVP2	0	0	0	0	0	0
Q9BVS4	0	1	1	1	0	1
Q9BVS5	0	0	1	0	0	0
Q9BW27	0	0	1	1	0	0
Q9BW83	0	0	0	0	0	0
Q9BW92	1	1	1	1	0	1
Q9BWD1	1	1	1	1	0	0
Q9BWD3	0	0	0	1	1	0
Q9BWF3	0	0	1	1	0	0
Q9BWG4	0	1	0	1	0	1
Q9BWU0	0	0	0	0	1	1
Q9BWW4	0	0	0	0	0	0
Q9BX40	0	0	0	0	0	0
Q9BXB4	1	0	1	0	0	0
Q9BXJ9	0	0	0	0	0	0
Q9BXK1	1	0	0	0	1	0
Q9BXP5	0	0	0	1	0	0
Q9BXR0	0	0	1	1	0	0
Q9BXW7	0	0	0	0	1	1
Q9BY32	1	1	1	0	1	1
Q9BY44	0	0	0	0	0	0
Q9BYB4	0	0	0	0	1	1
Q9BYC8	0	0	0	0	0	0
Q9BYC9	0	0	0	0	1	0
Q9BYD1	0	0	0	0	1	0
Q9BYD2	0	0	0	0	0	0
Q9BYD3	1	0	0	0	1	1
Q9BYD6	0	0	0	0	0	0
Q9BYG3	0	1	0	0	1	1
Q9BYG5	1	0	1	0	1	1
Q9BYJ9	0	0	0	0	1	0
Q9BYN8	0	0	0	0	0	0
Q9BZD4	0	1	0	0	1	1
Q9BZE2	0	0	0	0	0	1
Q9BZG8	0	0	0	0	1	1
Q9BZH6	1	1	0	1	1	1
Q9BZI7	0	0	1	0	0	0
Q9BZL1	0	0	0	0	0	0
Q9BZQ6	1	1	0	1	1	1
Q9BZX2	0	1	1	1	0	0
Q9BZZ5	1	0	1	1	0	0
Q9C0B0	0	0	0	0	0	0
Q9C0B1	0	0	1	0	0	1
Q9C0C2	1	0	1	0	1	1
Q9C0C9	1	1	1	1	0	1
Q9C0D3	1	1	1	0	0	1
Q9C0J8	0	0	1	0	0	0
Q9C005	0	1	0	0	1	1
Q9C035	0	0	0	1	0	0
Q9GZL7	0	0	1	1	0	0
Q9GZM8;Q9NXR1	1	1	0	1	1	1
Q9GZN1	1	1	1	1	0	1
Q9GZR7	0	0	0	0	0	0
Q9GZS1	0	0	0	0	0	1
Q9GZS3	1	1	0	1	1	1
Q9GZT8	0	0	0	0	1	0
Q9GZT9	0	0	0	0	0	0
Q9GZZ1	1	1	0	0	1	1
Q9H000	0	1	0	1	0	0
Q9H0A0	0	0	0	0	0	0
Q9H0C8	0	0	0	1	0	0
Q9H0D6	0	0	0	0	1	0
Q9H0E2	1	0	0	0	1	0
Q9H0E3	1	0	1	0	0	0
Q9H0F6	0	0	0	0	1	0
Q9H0G5	1	1	1	1	1	0
Q9H0K6	0	1	1	1	0	0
Q9H0L4	0	0	0	0	0	0
Q9H0P0	1	0	1	0	1	0
Q9H0R6	0	1	0	1	1	1
Q9H0S4	0	0	0	0	0	0
Q9H0U4	0	1	0	0	1	1
Q9H0U6	0	0	0	0	1	0
Q9H1A4	1	1	1	1	0	1
Q9H1D9	1	0	1	0	1	1
Q9H1E1	1	0	0	0	1	0
Q9H1E3	0	0	0	1	1	0
Q9H1E5	0	0	0	0	1	0
Q9H1I8	0	0	1	0	0	0
Q9H2C0	0	1	0	1	1	1
Q9H2G2	0	0	0	0	0	0
Q9H2H8	1	1	1	1	0	0
Q9H2K0	0	0	1	1	0	0
Q9H2K8	0	1	0	0	1	1
Q9H2P9	0	0	0	0	1	1
Q9H2U1	0	0	0	0	0	0
Q9H2U2	0	1	0	1	0	0
Q9H2W6	0	0	0	1	0	0
Q9H3K6	0	1	1	1	0	0
Q9H3N1	1	1	1	1	0	1
Q9H3N8	0	0	0	1	1	0
Q9H3P2	1	1	1	1	1	0
Q9H3P7	0	1	0	1	0	1
Q9H4A3	1	1	1	0	1	1
Q9H4A4	1	1	1	1	0	1
Q9H4A6	1	1	1	0	1	1
Q9H4L4	0	1	0	0	1	1
Q9H4L5	0	0	0	1	0	0
Q9H4L7	1	0	1	0	1	1
Q9H4M9	0	0	0	1	0	0
Q9H4P4	0	1	0	1	1	0
Q9H4W6	0	0	0	0	0	0
Q9H5V9	0	0	1	1	0	0
Q9H6F5	0	0	0	0	0	0
Q9H6P5	0	0	1	0	0	0
Q9H6R4	0	0	0	0	0	0
Q9H6R7	0	0	0	0	0	1
Q9H6S0	0	0	1	0	0	0
Q9H6T3	1	0	1	1	0	0
Q9H6W3	0	0	0	1	0	0
Q9H6Y2	0	0	1	1	0	0
Q9H7B2	0	0	1	0	0	0
Q9H7D7	1	1	1	1	0	1
Q9H7E9	0	0	0	0	0	0
Q9H7H0	1	0	1	1	1	0
Q9H7X7	1	1	0	1	1	1
Q9H7Z3	1	1	0	0	1	1
Q9H7Z7	1	1	1	1	0	0
Q9H8H2	0	0	0	0	1	1
Q9H8Y5	0	0	0	0	1	0
Q9H8Y8	1	1	1	1	0	1
Q9H9A5	0	0	0	0	0	1
Q9H9A6	0	1	1	1	0	0
Q9H9B4	1	1	1	0	1	1
Q9H9J2	0	0	0	0	0	0
Q9H9Y6	1	1	1	0	1	1
Q9H074	0	0	0	1	1	0
Q9H078	1	0	1	1	0	0
Q9H089	0	0	1	1	0	0
Q9H270	0	0	0	0	0	0
Q9H307	0	1	1	1	0	1
Q9H444	1	1	1	0	1	1
Q9H488	0	0	0	0	1	1
Q9H496	1	1	1	1	0	1
Q9H583	0	1	0	1	1	1
Q9H814	0	0	0	0	0	0
Q9H857	1	1	1	1	0	1
Q9H869	0	0	0	0	0	0
Q9H875	1	0	1	0	0	1
Q9H900	0	0	0	0	1	1
Q9H910	1	1	1	0	1	1
Q9H936	1	0	0	1	1	0
Q9H974	1	0	1	1	0	0
Q9H993	0	0	0	0	1	0
Q9HA64	0	0	1	0	0	0
Q9HA77	1	1	0	0	1	1
Q9HAS0	0	0	0	1	0	0
Q9HAU0	0	1	0	1	1	1
Q9HAV0	0	1	1	1	0	1
Q9HAV4	1	0	1	1	1	0
Q9HAW4	1	0	1	0	0	1
Q9HB07	0	1	0	1	0	1
Q9HB40	1	1	1	0	0	1
Q9HB71	0	1	0	1	0	1
Q9HB90	0	0	0	0	0	0
Q9HBE1	0	1	0	1	0	0
Q9HBH5	0	0	0	0	0	0
Q9HC07	1	1	1	0	1	1
Q9HC35	1	1	1	0	1	1
Q9HC36	0	0	0	1	0	0
Q9HC38	0	0	0	1	0	0
Q9HC44	0	0	1	1	0	0
Q9HCC0	1	1	0	1	1	1
Q9HCE1	0	0	0	0	0	0
Q9HCK5;Q9UL18	1	0	1	0	0	0
Q9HCM4	0	0	0	1	0	0
Q9HCN4	0	1	1	1	0	1
Q9HCN8	0	0	1	1	0	0
Q9HCU5	1	1	0	1	1	1
Q9HCY8	1	1	0	0	1	1
Q9HD20	1	1	0	1	1	1
Q9HD26	1	1	1	1	0	1
Q9HD33	0	0	0	0	1	0
Q9HD34	1	1	1	0	1	1
Q9HD40	0	0	0	0	1	0
Q9HD45	1	1	1	0	1	1
Q9NNW5	0	0	0	0	0	0
Q9NP50	0	1	0	0	0	1
Q9NP73	1	0	0	0	1	0
Q9NP77	0	0	0	0	1	1
Q9NP79	0	1	1	1	0	1
Q9NP81	0	0	0	0	1	1
Q9NP92	0	0	0	0	1	0
Q9NP97	1	1	1	1	0	1
Q9NPA3	1	1	1	1	1	0
Q9NPA8	1	0	1	1	0	0
Q9NPD3	0	0	0	0	0	0
Q9NPD8	0	0	0	0	1	1
Q9NPE3	0	0	0	0	0	0
Q9NPF4	1	1	1	1	1	0
Q9NPH2	0	0	1	0	0	0
Q9NPI6	0	1	0	0	0	1
Q9NPJ6	1	0	1	0	1	0
Q9NPQ8	1	1	1	1	0	1
Q9NQ29	0	0	0	0	0	0
Q9NQ50	0	0	1	1	0	0
Q9NQ55	0	0	1	0	0	0
Q9NQC8	1	1	1	1	1	0
Q9NQG5	0	0	0	0	0	0
Q9NQT4	0	0	0	0	0	0
Q9NQT5	0	0	0	0	0	0
Q9NQW7	0	0	0	0	1	1
Q9NQX3	1	1	1	0	1	1
Q9NQZ2	1	1	1	1	0	1
Q9NR09	1	1	0	1	1	1
Q9NR12	0	0	0	1	0	0
Q9NR28	1	1	1	1	0	0
Q9NR30	0	0	1	0	0	0
Q9NR31	0	1	1	1	0	0
Q9NR33	0	0	0	0	1	0
Q9NR45	1	1	1	0	1	1
Q9NR46	1	1	1	1	0	1
Q9NR50	1	1	1	0	1	1
Q9NR56	0	0	1	0	0	0
Q9NR96	0	0	0	0	0	0
Q9NRG9	1	1	0	0	1	1
Q9NRL3	1	1	0	0	1	1
Q9NRM2	0	0	0	0	0	0
Q9NRN7	0	1	1	1	0	0
Q9NRP0	1	1	1	1	0	1
Q9NRP2	1	0	1	0	1	0
Q9NRR4	0	0	0	0	0	0
Q9NRW7	1	1	1	0	1	1
Q9NRX1	0	1	1	1	0	1
Q9NRX2	0	0	0	0	1	0
Q9NRX4	0	1	0	1	1	0
Q9NRY2	1	0	1	1	0	0
Q9NS69	1	1	1	0	1	1
Q9NS86	1	1	0	1	1	1
Q9NSD9	0	0	0	0	0	0
Q9NSE4	1	1	1	1	0	1
Q9NSI2	1	1	1	0	1	1
Q9NSV4	0	0	0	0	0	1
Q9NSY1	0	0	0	0	0	0
Q9NT62	0	0	0	0	1	1
Q9NTJ3	1	0	0	0	1	0
Q9NTJ5	1	1	1	0	1	1
Q9NTK5	0	0	0	0	0	1
Q9NTZ6	0	0	0	0	0	0
Q9NUD5	0	0	0	0	0	0
Q9NUL3	0	0	0	0	0	0
Q9NUP7	1	1	1	1	1	0
Q9NUP9	1	1	1	1	0	1
Q9NUQ3	1	0	1	0	1	0
Q9NUQ6	1	1	1	0	0	1
Q9NUU7;Q9UMR2	0	0	1	1	0	0
Q9NV06	0	1	0	1	1	0
Q9NV56	0	0	0	0	0	0
Q9NVA1	1	1	1	1	0	0
Q9NVA2	0	1	1	1	0	0
Q9NVE7	0	1	0	1	1	1
Q9NVI1	1	1	0	1	1	0
Q9NVI7	0	0	0	1	0	0
Q9NVM9	0	1	0	0	1	1
Q9NVP1	0	0	0	0	0	0
Q9NVP2	1	0	0	0	1	1
Q9NVS2	0	0	0	0	1	0
Q9NVS9	1	1	1	1	0	1
Q9NVV4	1	0	0	1	1	0
Q9NVZ3	0	0	0	0	0	0
Q9NW13	1	0	1	1	1	0
Q9NW08	1	1	1	0	1	1
Q9NW64	0	0	1	1	0	0
Q9NW68	1	1	1	0	1	1
Q9NW75	0	1	0	1	0	1
Q9NW82	1	1	0	0	1	1
Q9NWB6	0	0	0	0	0	0
Q9NWM8	1	0	1	0	1	1
Q9NWS0	1	0	1	1	0	0
Q9NWT1	1	1	1	1	1	0
Q9NWU5	0	0	0	0	0	0
Q9NWX6	1	0	1	0	0	1
Q9NX07	0	0	0	0	1	1
Q9NX14	1	0	1	0	1	1
Q9NX20	0	0	1	0	0	0
Q9NX24	1	0	0	0	1	0
Q9NX58	0	0	0	0	0	0
Q9NX74	0	0	0	0	0	0
Q9NXC5	1	1	1	1	0	0
Q9NXG2	0	0	0	1	0	0
Q9NXH9	0	0	0	0	0	0
Q9NXL6	0	0	0	1	0	0
Q9NXU5	1	1	1	1	0	1
Q9NXV2	0	0	1	1	0	0
Q9NXV6	0	1	1	0	0	1
Q9NY12	0	0	0	0	0	0
Q9NY27	0	0	0	0	0	0
Q9NY93	0	0	0	0	0	0
Q9NYB0	0	0	0	0	1	0
Q9NYB9	1	1	1	0	1	1
Q9NYF8	0	0	1	0	0	0
Q9NYK5	0	0	0	0	0	0
Q9NYL2	1	0	1	1	0	0
Q9NYR9	1	1	1	1	0	1
Q9NYU2	1	1	1	1	0	1
Q9NYV4	1	0	1	1	0	0
Q9NZ01	0	1	0	1	1	1
Q9NZB2	1	1	1	0	1	1
Q9NZC9	1	1	1	0	1	1
Q9NZE8	0	0	0	0	0	0
Q9NZH8	1	0	0	0	1	1
Q9NZI8	0	0	1	0	0	0
Q9NZL4	0	0	1	1	0	0
Q9NZL9	1	1	1	1	0	0
Q9NZM5	0	0	0	1	0	0
Q9NZR1	1	0	0	0	1	1
Q9NZT1	1	1	0	1	1	1
Q9NZT2	0	0	1	1	0	0
Q9NZW5	0	1	1	0	0	1
Q9P0J0	1	1	1	0	1	1
Q9P0J1	1	1	1	1	0	1
Q9P0J7	1	0	0	1	1	0
Q9P0L2	0	1	0	1	0	1
Q9P0M9	0	0	0	0	0	0
Q9P0S2	0	0	0	0	0	0
Q9P1Z2	0	0	0	0	1	0
Q9P2E9	0	1	0	0	0	1
Q9P2K3;Q9UKL0	0	1	1	1	0	0
Q9P2N5	1	0	1	0	0	0
Q9P2R7	1	1	1	0	0	1
Q9P015	0	0	0	0	1	0
Q9P016	0	0	0	0	0	0
Q9P021	1	0	0	0	1	1
Q9P031	0	1	1	1	0	1
Q9P032	1	1	1	1	0	0
Q9P258	0	0	0	0	0	0
Q9P265	0	0	1	0	0	0
Q9P275	0	1	0	0	0	1
Q9P287	1	1	1	1	0	1
Q9P289	0	0	1	1	0	0
Q9UBD5	0	1	0	0	1	1
Q9UBE0	1	1	1	1	0	1
Q9UBF2	1	1	1	1	0	0
Q9UBF6	1	1	0	1	1	1
Q9UBF8	0	0	1	0	0	0
Q9UBI9	1	0	0	1	1	0
Q9UBK9	1	1	0	1	1	1
Q9UBL3	0	1	0	0	1	1
Q9UBP6	0	0	0	0	1	0
Q9UBQ0	1	1	1	1	0	1
Q9UBS4	0	0	1	1	0	0
Q9UBT2	0	0	1	0	0	0
Q9UBU8	0	0	1	0	0	0
Q9UBU9	0	0	1	1	0	0
Q9UBV8	1	1	0	1	1	1
Q9UDW1	0	0	0	0	0	0
Q9UDY2	0	0	0	0	1	0
Q9UET6	0	0	1	0	0	0
Q9UEY8	1	1	0	1	1	1
Q9UFW8	0	0	0	0	0	0
Q9UG63	1	0	1	0	0	0
Q9UGI8	0	1	0	0	0	1
Q9UGM6	0	0	0	0	1	0
Q9UGN5	0	0	0	0	0	0
Q9UGP4	1	0	1	0	0	0
Q9UH62	0	0	0	1	0	0
Q9UH65	1	1	1	0	1	1
Q9UHA4	1	1	1	1	0	0
Q9UHB9	1	0	1	1	0	0
Q9UHF7	0	1	0	1	0	1
Q9UHG3	1	1	0	0	1	1
Q9UHI6	0	0	0	0	0	0
Q9UHN1	0	0	0	0	0	0
Q9UHR5	0	0	1	1	0	0
Q9UHR6	1	1	1	0	1	1
Q9UHX1	0	0	0	0	0	0
Q9UHY1	1	1	1	1	0	1
Q9UHY7	0	0	0	0	1	1
Q9UI09	0	0	0	0	1	0
Q9UI10	1	1	1	0	1	1
Q9UI30	0	0	0	1	0	0
Q9UI36	0	0	0	0	0	1
Q9UI42	0	1	0	0	1	1
Q9UIA9	0	0	0	0	0	0
Q9UIQ6	0	0	0	0	1	0
Q9UIV1	0	1	0	0	1	1
Q9UJ14	0	0	0	0	1	1
Q9UJA5	0	0	0	0	0	0
Q9UJC5	1	0	1	0	1	1
Q9UJF2	0	0	0	0	1	0
Q9UJU6	1	0	1	0	1	1
Q9UJX2	1	1	1	1	0	0
Q9UJX3	1	1	0	1	1	1
Q9UJX4	1	1	1	1	0	0
Q9UJX5	1	1	0	1	1	1
Q9UJZ1	1	1	1	1	0	0
Q9UK45	0	0	0	0	1	1
Q9UK59	1	1	0	0	1	1
Q9UK73	1	1	1	1	0	0
Q9UK99	1	1	1	1	0	0
Q9UKB1	0	1	0	1	1	1
Q9UKB3	1	0	1	1	0	0
Q9UKD2	0	0	0	0	0	0
Q9UKF6	1	1	1	1	0	1
Q9UKG1	1	1	0	1	1	1
Q9UKM9	0	0	1	0	0	0
Q9UKN8	0	0	0	0	0	0
Q9UKS6	0	0	0	0	0	0
Q9UKV3	0	0	1	0	0	0
Q9UKY7	0	0	0	0	0	0
Q9UL15	1	1	1	1	0	0
Q9UL25	1	1	1	0	1	1
Q9UL33	0	1	0	0	1	1
Q9UL40	0	0	0	0	1	1
Q9UL42	0	1	0	1	0	0
Q9UL46	1	0	1	0	1	1
Q9UL54	0	0	0	0	0	0
Q9ULK4	0	0	0	0	0	0
Q9ULM3	0	0	0	0	0	1
Q9ULT8	1	1	1	1	0	0
Q9ULW0	0	0	0	1	0	0
Q9ULX3	0	0	1	1	0	0
Q9ULX6	1	0	1	1	0	0
Q9UM00	1	0	1	0	0	0
Q9UM13	1	0	1	0	0	0
Q9UM54	1	0	1	0	1	1
Q9UMS4	1	1	1	0	1	1
Q9UMX5	0	0	0	1	0	0
Q9UMY1	1	0	1	1	0	0
Q9UN37	1	1	1	1	0	1
Q9UN81	0	0	0	0	0	0
Q9UN86	0	0	1	0	0	0
Q9UNE7	0	1	1	1	0	0
Q9UNF0	1	0	1	0	1	1
Q9UNK9	0	0	0	0	0	0
Q9UNQ2	0	0	0	0	0	0
Q9UNX3	0	0	0	0	0	0
Q9UNX4	0	0	0	0	0	0
Q9UNZ5	0	0	0	0	0	0
Q9UPN3	0	0	0	0	1	1
Q9UPN6	1	0	0	0	1	0
Q9UPP1	0	0	0	0	1	0
Q9UPR3	0	0	0	0	1	0
Q9UPT8	0	0	1	0	0	0
Q9UPW5	1	1	1	0	0	1
Q9UPY3	0	1	0	0	0	1
Q9UQ13	0	1	0	0	0	1
Q9UQ35	1	1	0	1	1	1
Q9UQ80	0	0	0	0	0	0
Q9UQE7	1	1	1	0	1	1
Q9Y2A7	1	1	1	0	1	1
Q9Y2B0	0	1	0	1	0	1
Q9Y2C4	0	1	0	1	0	0
Q9Y2D5	1	1	1	0	1	1
Q9Y2I6	0	0	0	0	1	0
Q9Y2J2	1	1	1	1	1	0
Q9Y2L1	1	0	1	1	0	0
Q9Y2Q5	0	1	1	1	0	1
Q9Y2Q9	0	0	1	0	0	0
Q9Y2R0	0	0	1	0	0	0
Q9Y2R5	0	0	0	0	0	0
Q9Y2R9	0	0	0	0	0	0
Q9Y2S6	1	0	1	0	0	0
Q9Y2S7	1	1	1	1	0	0
Q9Y2T2	1	1	1	1	1	0
Q9Y2V2	1	0	1	0	1	0
Q9Y2W1	1	0	0	0	1	0
Q9Y2W2	0	0	0	0	0	0
Q9Y2X3	0	0	0	1	0	0
Q9Y2X7	1	1	1	0	1	1
Q9Y2Y1	1	1	1	1	0	1
Q9Y2Z0	0	1	1	1	0	0
Q9Y3A5	0	0	0	0	1	1
Q9Y3B2	0	0	0	0	0	0
Q9Y3B4	1	1	0	0	1	1
Q9Y3B7	0	0	0	0	0	0
Q9Y3B9	0	0	1	1	0	0
Q9Y3C0	0	0	0	0	0	0
Q9Y3C1	0	0	0	0	0	0
Q9Y3C4	0	0	0	1	0	0
Q9Y3C6	0	0	0	0	0	0
Q9Y3C8	0	1	0	1	0	1
Q9Y3D3	0	0	1	0	0	0
Q9Y3D5	0	0	0	0	0	0
Q9Y3D6	1	1	1	1	0	0
Q9Y3D8	0	1	0	1	1	1
Q9Y3D9	0	0	1	0	0	0
Q9Y3E5	1	0	1	1	1	0
Q9Y3I0	0	0	0	0	0	0
Q9Y3T9	0	0	1	0	0	0
Q9Y3U8	0	0	0	0	0	0
Q9Y3Y2	0	0	0	0	0	0
Q9Y3Z3	1	1	1	1	0	1
Q9Y4B6	1	1	0	1	1	1
Q9Y4C2	1	1	1	1	0	1
Q9Y4D8	0	0	0	0	0	1
Q9Y4E8	1	1	1	1	0	1
Q9Y4H2	0	1	0	1	0	1
Q9Y4L1	1	1	1	1	0	1
Q9Y4P3	0	0	1	0	0	0
Q9Y4R8	1	1	0	0	1	1
Q9Y4W6	0	0	1	0	0	0
Q9Y4Y9	1	1	1	0	1	1
Q9Y4Z0	1	1	1	1	1	0
Q9Y5J1	0	0	0	1	0	0
Q9Y5K5	1	1	1	1	1	0
Q9Y5K6	1	1	1	1	0	1
Q9Y5L0	0	0	0	0	0	1
Q9Y5P6	1	1	1	0	1	1
Q9Y5Q8	0	0	1	0	0	0
Q9Y5Q9	0	0	0	0	1	0
Q9Y5R8	1	0	1	0	1	0
Q9Y5S9	0	0	0	0	0	0
Q9Y5T5	0	0	0	0	0	0
Q9Y5V0	0	0	0	0	1	0
Q9Y5Y2	1	1	1	1	0	1
Q9Y5Z4	0	0	0	0	1	1
Q9Y6A4	0	0	1	0	0	0
Q9Y6A5	1	1	1	0	1	1
Q9Y6C9	0	1	1	1	0	1
Q9Y6E0	1	1	1	0	1	1
Q9Y6H1	1	1	1	0	1	1
Q9Y6M1	1	0	1	0	0	0
Q9Y6R4	1	1	1	1	0	1
Q9Y6V7	0	0	1	0	0	0
Q9Y6W5	1	0	1	0	1	0
Q9Y6X9	0	1	0	0	0	1
Q9Y6Y8	1	0	1	1	1	0
Q9Y221	0	0	0	0	0	0
Q9Y224	0	0	0	0	0	0
Q9Y230	1	1	1	1	0	0
Q9Y237	0	0	0	0	1	0
Q9Y241	0	1	0	0	1	1
Q9Y244	0	0	1	0	0	0
Q9Y265	1	1	1	1	0	0
Q9Y266	0	0	1	1	0	0
Q9Y277	1	1	1	1	0	0
Q9Y285	0	0	0	0	1	0
Q9Y291	0	0	0	0	0	0
Q9Y294	0	0	1	0	0	0
Q9Y295	0	0	1	0	0	0
Q9Y305	1	1	1	0	1	1
Q9Y314	0	0	0	0	0	0
Q9Y316	1	1	0	0	1	1
Q9Y333	0	0	0	0	1	1
Q9Y366	0	0	0	0	1	1
Q9Y376	0	1	0	0	0	1
Q9Y383	0	0	0	0	0	0
Q9Y399	0	0	0	0	0	0
Q9Y421	0	0	0	0	0	0
Q9Y450	0	0	0	0	0	0
Q9Y490	1	1	1	0	1	1
Q9Y508	0	0	1	0	0	0
Q9Y570	0	0	0	0	1	0
Q9Y580	0	0	1	0	0	0
Q9Y605	0	0	0	0	0	0
Q9Y606	0	0	0	0	0	0
Q9Y608	1	1	1	0	1	1
Q9Y617	1	1	1	1	0	0
Q9Y639	1	1	1	1	0	1
Q9Y657	1	1	1	0	1	1
Q9Y672	0	0	1	1	0	0
Q9Y676	0	0	1	0	0	0
Q9Y680	1	1	1	1	0	1
Q00013	0	0	0	0	0	0
Q14CX7	0	0	0	1	0	0
Q17RN3	0	1	0	1	0	0
Q17RY0;Q7Z5Q1;Q8NE35	1	0	0	0	1	1
Q27J81	0	0	0	1	1	0
Q29RF7	0	0	0	0	0	0
Q32MZ4	1	1	1	0	1	1
Q32P28	1	0	1	0	0	0
Q52LJ0	0	0	0	0	0	0
Q53EL6	1	0	1	1	0	0
Q53ET0	0	0	0	0	0	0
Q53GG5	1	0	1	0	1	1
Q53GQ0	0	1	1	1	0	1
Q53GS9	0	0	1	0	0	0
Q53H47	1	1	1	0	1	1
Q53H82	1	1	1	1	0	0
Q53RT3	1	1	0	0	1	1
Q53SF7	0	0	0	0	1	1
Q53T59	1	1	1	0	1	1
Q56P03	1	1	0	1	1	0
Q58FF6	1	1	0	0	1	1
Q58FF8	1	1	1	1	0	1
Q00059	0	0	1	0	0	0
Q66K74	0	1	0	0	1	1
Q66LE6	0	0	0	0	1	1
Q66PJ3	0	0	0	0	0	0
Q68CQ4	0	1	0	1	0	1
Q68CZ6	0	0	0	1	0	0
Q68DK2	0	0	0	0	0	0
Q68DU8	0	0	0	0	1	0
Q68E01	0	1	0	0	1	1
Q69YN4	0	1	1	1	0	0
Q71RC2	1	0	1	1	1	0
Q71UM5	0	0	0	1	0	0
Q76I76	1	0	1	0	1	0
Q76L83	0	1	0	0	0	1
Q86SG5	1	0	1	1	1	0
Q86TG7	0	0	0	1	0	0
Q86TI2	1	1	1	1	1	0
Q86TP1	1	0	1	0	1	1
Q86TU7	0	0	0	0	1	1
Q86U28	1	1	1	0	1	1
Q86U38	0	1	0	1	0	1
Q86U42	0	0	0	0	0	1
Q86U44	1	0	1	0	0	0
Q86U70	1	0	1	0	0	1
Q86U86	0	0	0	0	1	0
Q86U90	1	0	0	0	1	0
Q86UA1	1	1	0	1	1	1
Q86UE4	1	0	0	0	1	1
Q86UP2	1	1	1	1	0	1
Q86V81	1	0	1	1	1	0
Q86W34	0	0	0	1	0	0
Q86W42	1	1	1	0	1	1
Q86W50	1	0	0	0	1	1
Q86W56	1	0	1	0	1	0
Q86WC4	1	0	1	0	0	1
Q86X53	1	0	1	0	0	0
Q86X55	1	1	1	1	0	1
Q86XH1	1	0	0	0	1	1
Q86XL3	1	1	1	0	1	1
Q86XP0	0	0	0	1	0	0
Q86Y39	1	0	1	0	1	1
Q86Y79	0	0	0	0	1	0
Q86Y82	0	1	0	0	1	1
Q86YP4	1	0	1	0	1	1
Q86YS7	0	1	0	0	1	1
Q86YT6	1	0	1	1	0	0
Q86Z20	1	1	0	1	1	1
Q96A33	1	1	1	1	0	1
Q96A35	0	0	0	0	0	0
Q96A49	1	1	1	1	0	0
Q96A65	0	0	1	1	0	0
Q96A72	0	0	1	0	0	0
Q96AE4	0	1	1	1	0	0
Q96AG4	1	0	1	0	1	0
Q96AT1	1	0	0	0	1	1
Q96AX1	1	0	1	0	1	1
Q96AY3	1	1	1	1	0	1
Q96B23	1	1	1	0	1	1
Q96B26	0	0	0	0	0	0
Q96BF6	0	0	0	0	0	0
Q96BH1	1	1	1	0	0	1
Q96BK5	0	0	0	0	0	0
Q96BM9;Q9NVJ2	1	1	1	1	0	1
Q96BP2	1	1	1	1	0	0
Q96BR5	0	1	0	1	0	0
Q96BT7	0	0	0	0	0	0
Q96BW9	1	0	1	0	1	1
Q96C19	1	1	1	0	1	1
Q96C36	1	0	1	0	1	0
Q96C57	0	0	0	0	0	0
Q96C90	0	1	0	0	1	1
Q96CM3	0	1	0	0	0	1
Q96CT7	0	0	0	0	0	0
Q96CW1	1	0	1	0	1	1
Q96CX2	1	0	1	0	1	0
Q96D46	0	0	1	1	0	0
Q96DA0	0	1	0	1	0	0
Q96DA6	1	0	1	0	0	0
Q96DB5	0	1	0	0	1	1
Q96DI7	0	1	1	1	0	0
Q96DP5	0	0	1	0	0	1
Q96DR8	1	1	0	0	1	1
Q96DV4	0	0	0	0	1	0
Q96DX7	0	0	0	0	1	0
Q96E11	0	0	0	0	0	0
Q96EB1	1	1	0	1	1	1
Q96EE3	1	1	1	1	0	1
Q96EH3	1	0	1	1	1	0
Q96EI5	1	0	1	1	0	0
Q96EK5	1	1	1	1	0	1
Q96EL2	0	0	0	0	0	0
Q96EL3	0	0	1	1	0	0
Q96EP5	1	0	0	1	1	0
Q96ES7	1	1	1	1	0	0
Q96EV8	1	1	0	0	1	1
Q96EY1	0	0	0	0	1	0
Q96EY4	0	0	0	0	0	0
Q96EY7	0	0	0	0	0	0
Q96EY8	0	0	0	0	0	0
Q96EY9	1	0	0	0	1	1
Q96F07	1	0	1	0	1	1
Q96F45;Q9H7S9	1	0	1	0	0	1
Q96F86	0	0	1	1	0	0
Q96FQ6	1	1	0	0	1	1
Q96FS4	1	1	1	0	1	1
Q96FW1	1	1	1	0	1	1
Q96FX7	0	0	0	0	0	0
Q96G03	0	0	0	0	1	1
Q96G46	1	0	1	0	0	0
Q96G61	1	1	1	0	0	1
Q96GA3	0	0	0	0	0	0
Q96GC5	0	0	1	1	0	0
Q96GK7	0	0	1	1	0	0
Q96GM8	0	0	0	0	0	0
Q96GQ7	0	0	1	0	0	0
Q96GX9	0	1	1	1	0	1
Q96HC4	1	1	1	1	0	1
Q96HE7	0	1	1	1	0	0
Q96HQ2	1	0	1	0	1	1
Q96HR8	0	0	0	0	0	0
Q96HS1	0	0	1	0	0	0
Q96HW7	0	0	0	0	1	1
Q96HY6	1	1	1	1	1	0
Q96I24	1	1	0	1	1	0
Q96I51	0	0	0	0	1	1
Q96I59	1	0	0	1	1	0
Q96I99	1	1	1	1	0	0
Q96II8	0	0	1	1	0	0
Q96IJ6	1	1	1	1	1	0
Q96IT1	1	1	0	1	1	1
Q96IX5	1	1	1	1	0	1
Q96IZ7	0	0	1	0	0	0
Q96J01	0	1	1	1	0	1
Q96JB5	1	0	1	0	0	0
Q96JC1	1	1	1	1	0	0
Q96JD6	0	0	0	1	1	0
Q96JJ7	1	0	1	1	0	0
Q96JK2	1	1	0	1	1	1
Q96JM3	1	1	1	1	1	0
Q96JP5	1	1	1	0	1	1
Q96K76	1	1	1	0	0	1
Q96KA5	1	1	1	1	1	0
Q96KB5	0	0	1	1	0	0
Q96KR1	0	0	0	0	0	0
Q96L92	1	1	1	1	0	1
Q96M27	1	1	1	1	0	1
Q96MD7	1	0	1	0	0	1
Q96MG7	0	0	0	0	1	0
Q96MG8	1	1	0	0	1	1
Q96MH2	1	1	1	0	1	1
Q96MI9	1	1	1	0	1	1
Q96MU7	1	1	0	1	1	1
Q96MX6	1	1	1	0	1	1
Q96N67	1	1	1	1	0	0
Q96P11	0	0	0	0	0	0
Q96P47	0	0	0	0	0	0
Q96P63	0	1	0	1	1	1
Q96PK6	1	1	0	0	1	1
Q96PM5	1	1	1	1	0	0
Q96PU8	1	1	1	1	0	0
Q96PV6	0	1	0	1	1	1
Q96PZ0	0	0	0	0	1	0
Q96Q11	1	0	0	0	1	0
Q96QA5	0	0	0	1	0	0
Q96QC0	0	0	1	0	0	0
Q96QK1	0	1	1	1	0	1
Q96QR8	0	0	0	0	0	0
Q96RE7	0	1	0	0	1	1
Q96RP9	1	0	1	1	0	0
Q96RQ3	1	1	0	1	1	1
Q96RT1	1	1	1	1	0	0
Q96S44	0	0	0	1	0	0
Q96S55	1	1	0	0	1	1
Q96SB3	1	0	1	1	0	0
Q96SB4	0	0	0	0	0	0
Q96SB8	1	1	1	0	1	1
Q96SI9	0	0	1	0	0	0
Q96ST2	1	1	1	1	0	0
Q96ST3	1	1	1	1	1	0
Q96SU4	1	0	1	0	0	1
Q96SW2	0	1	1	1	0	0
Q96SY0	1	1	1	1	0	1
Q96T37	0	0	0	0	0	0
Q96T58	0	0	0	0	0	1
Q96T88	0	0	0	0	0	0
Q147X3	0	0	1	0	0	0
Q149N8	0	1	0	1	1	1
Q00325	0	0	0	0	0	1
Q00341	0	0	0	0	0	0
Q00403	0	0	0	0	1	1
Q504Q3	0	0	1	1	0	0
Q00534	0	0	0	0	1	0
Q00535	0	0	0	0	0	0
Q562F6	0	0	0	0	0	1
Q00577	0	0	0	0	0	0
Q00653	1	0	0	0	1	0
Q658Y4	0	0	0	0	1	0
Q659A1	0	0	1	0	0	0
Q659C4	1	0	0	0	1	0
Q00688	1	0	1	0	1	0
Q709F0	1	0	0	0	1	1
Q00796	0	0	1	1	0	0
Q00839	1	0	0	0	1	0
Q969E8	1	0	0	0	1	1
Q969G3	0	1	1	1	0	1
Q969H8	0	1	0	1	0	0
Q969U6	0	0	1	1	0	0
Q969V3	1	1	1	1	0	1
Q01081	0	0	0	0	0	0
Q01130	0	0	0	0	0	0
Q01469	0	1	0	1	1	1
Q01484	1	0	0	0	1	1
Q01518	1	1	0	0	1	1
Q01581	1	1	1	1	0	1
Q01650	1	1	1	0	1	1
Q01780	0	0	1	1	0	0
Q01831	0	1	0	0	1	1
Q01844	1	0	1	0	1	1
Q01970	0	0	0	0	1	0
Q02040	1	0	1	0	0	0
Q02413	0	1	0	1	1	1
Q02543	0	0	0	0	0	0
Q02750	0	1	1	0	0	1
Q02790	0	1	0	1	0	1
Q02878	0	0	0	1	0	0
Q02952	1	1	1	0	1	1
Q02978	0	1	0	0	0	1
Q03001	1	1	1	0	1	1
Q03111	0	0	0	0	0	1
Q04323	0	1	1	1	0	1
Q04446	0	0	0	0	1	0
Q04721	0	0	1	1	0	0
Q04760	1	1	1	1	0	1
Q04864	1	1	1	0	1	1
Q04917	1	1	1	1	0	1
Q05086	0	0	0	0	0	0
Q05397	0	0	0	0	0	0
Q05519	0	0	0	0	0	0
Q05682	0	0	0	0	0	0
Q06124	0	1	1	1	0	1
Q06203	1	0	1	1	0	0
Q06265	0	0	0	0	0	0
Q06330	0	0	0	0	0	0
Q06481	1	1	1	1	0	1
Q06787	0	0	1	1	0	0
Q06830	1	1	1	1	0	0
Q07020	0	0	0	1	0	0
Q07065	1	0	0	0	1	1
Q07157	0	0	1	0	0	0
Q07666	1	1	1	0	1	1
Q07866	1	1	1	1	0	1
Q07954	0	0	0	0	1	1
Q07955	0	0	1	1	0	0
Q08170	1	0	0	0	1	0
Q08188	1	1	1	0	1	1
Q08209	1	1	1	1	0	0
Q08211	0	0	0	0	0	0
Q08379	1	1	1	1	0	1
Q08426	1	1	1	1	1	0
Q08554	1	1	0	1	1	1
Q08752	1	1	1	0	1	1
Q08945	0	0	1	0	0	0
Q09161	0	0	0	0	0	0
Q09666	1	1	0	1	1	0
Q10567	0	0	0	0	0	1
Q10570	0	1	1	1	0	1
Q10713	1	0	1	0	0	1
Q12768	1	1	0	0	1	1
Q12769	0	0	0	0	0	0
Q12770	1	1	1	1	0	0
Q12789	0	0	1	0	0	0
Q12792	1	1	1	0	1	1
Q12797	1	0	1	0	1	0
Q12800	0	0	1	0	0	1
Q12824	1	1	1	0	1	1
Q12834	0	0	0	0	0	0
Q12841	1	1	1	0	0	1
Q12846	1	1	1	0	1	1
Q12849	0	0	0	0	1	1
Q12857	0	0	0	0	0	0
Q12872	0	0	1	0	0	0
Q12873	0	0	0	0	1	1
Q12894	1	1	1	0	1	1
Q12899	0	1	0	1	1	1
Q12904	1	0	1	1	0	0
Q12905	0	0	0	0	0	0
Q12906	0	0	0	0	0	0
Q12926	1	1	1	0	1	1
Q12931	1	1	1	1	0	1
Q12933	0	0	0	0	0	0
Q12959	0	0	0	0	0	0
Q12982;Q86WG3	0	0	0	0	0	0
Q13042	1	1	1	0	1	1
Q13043	1	1	1	1	0	0
Q13045	1	0	1	0	1	1
Q13084	0	0	0	0	1	0
Q13085	1	1	0	1	1	1
Q13112	1	0	1	0	1	0
Q13123	1	1	1	1	1	0
Q13144	0	1	0	1	1	1
Q13148	0	0	1	1	0	0
Q13151	0	0	0	1	0	0
Q13155	1	0	1	1	0	0
Q13162	0	1	1	1	0	1
Q13177	0	0	0	0	0	0
Q13185	1	1	1	1	0	1
Q13188	1	0	1	0	0	0
Q13217	1	0	1	1	0	0
Q13232	1	1	1	1	0	1
Q13242	0	0	0	0	0	0
Q13243	0	0	0	1	0	0
Q13247	0	0	0	1	0	0
Q13263	1	1	1	1	0	1
Q13268	0	1	0	1	0	1
Q13283	0	0	1	0	0	0
Q13308	1	1	1	1	0	1
Q13325	0	0	0	0	1	0
Q13330	1	1	1	0	1	1
Q13371	0	1	1	0	0	1
Q13404;Q15819	0	0	0	0	0	0
Q13405	0	0	0	0	1	0
Q13409	1	1	1	1	0	1
Q13423	1	1	1	0	1	1
Q13424	1	1	0	0	1	1
Q13425	1	0	0	0	1	1
Q13426	1	0	1	0	1	1
Q13428	1	1	0	1	1	1
Q13435	1	1	1	0	1	1
Q13442	1	0	0	0	1	0
Q13464	1	1	0	1	1	1
Q13485	0	0	1	1	0	0
Q13505	0	1	0	1	1	0
Q13523	0	0	1	0	0	0
Q13526	1	0	1	1	0	0
Q13547	1	1	0	1	1	1
Q13564	0	0	0	0	1	1
Q13573	0	0	0	0	0	0
Q13595	1	0	1	1	0	0
Q13601	0	0	1	0	0	0
Q13610	0	0	0	0	0	0
Q13613	1	0	1	0	0	1
Q13615;Q9NYA4	0	0	0	0	0	0
Q13616	1	1	1	1	0	0
Q13618	1	0	1	0	0	0
Q13625	0	0	0	0	1	0
Q13627;Q9Y463	0	1	0	0	0	1
Q13642	1	1	1	0	0	1
Q13643	0	1	1	1	0	1
Q13724	1	1	1	0	1	1
Q13740	0	0	0	0	1	0
Q13823	0	0	0	1	0	0
Q13825	1	0	0	0	1	0
Q13835	1	1	1	0	0	1
Q13838	1	1	1	1	0	1
Q13868	0	0	0	0	0	0
Q13885	1	1	1	1	0	1
Q13888;Q6P1K8	0	0	0	0	0	1
Q13889	1	1	1	0	1	1
Q13895	0	0	0	0	0	0
Q13907	0	0	1	0	0	0
Q14008	1	0	1	0	0	0
Q14011	0	0	0	1	0	0
Q14103	0	0	0	0	1	0
Q14108	0	0	0	0	1	1
Q14119	0	0	0	0	0	0
Q14126	1	0	1	1	0	0
Q14137	0	0	0	0	0	0
Q14139	1	0	0	1	1	0
Q14151;Q15424	1	1	1	1	0	0
Q14155	1	0	0	0	1	0
Q14157	1	1	0	0	1	1
Q14160	1	0	1	0	1	1
Q14161	0	0	0	0	1	0
Q14165	1	1	1	1	0	0
Q14166	0	0	1	0	0	0
Q14197	0	0	0	0	1	0
Q14204	1	1	1	1	0	1
Q14232	0	0	0	0	0	0
Q14241	0	1	1	0	0	1
Q14244	1	0	1	0	1	0
Q14247	1	0	1	0	1	1
Q14254	0	0	0	0	1	1
Q14257	0	0	0	0	0	0
Q14315	1	1	1	0	1	1
Q14318	1	1	1	1	0	1
Q14331	0	0	0	0	0	0
Q14344	1	0	1	1	0	0
Q14444	1	0	1	1	1	0
Q14493	0	1	1	1	0	0
Q14498	0	0	0	0	0	0
Q14527	1	1	1	1	1	0
Q14554	1	0	0	0	1	1
Q14558	1	1	1	1	0	1
Q14562	0	0	0	0	0	0
Q14574	0	1	0	0	1	1
Q14651	1	0	1	0	1	1
Q14671	1	1	1	0	1	1
Q14674	1	1	0	0	1	1
Q14677	1	1	0	1	1	1
Q14681	0	1	0	1	0	0
Q14684	0	0	0	0	0	0
Q14690	0	0	1	0	0	0
Q14694	1	1	1	0	1	1
Q14739	0	0	0	0	1	0
Q14814	1	1	1	1	0	0
Q14839	1	0	1	0	1	0
Q14847	1	1	1	1	0	1
Q14919	0	0	1	0	0	0
Q14938	0	0	0	0	1	1
Q14966	1	0	0	0	1	0
Q14978	0	1	1	1	0	1
Q14999	1	0	0	1	1	0
Q15003	1	1	1	1	1	0
Q15005	1	1	1	0	0	1
Q15014	0	0	0	0	0	0
Q15020	0	0	1	0	0	0
Q15021	1	1	0	1	1	1
Q15022	0	0	0	0	0	0
Q15024	0	0	0	0	0	0
Q15027	1	1	1	0	1	1
Q15041	0	0	1	0	0	0
Q15043	1	1	0	0	1	1
Q15050	0	0	0	0	0	0
Q15054	0	0	1	0	0	1
Q15061	1	0	0	1	1	0
Q15102	1	1	1	1	0	0
Q15119	1	1	0	0	1	1
Q15121	0	0	0	0	1	1
Q15125	1	1	0	0	1	1
Q15165	1	1	1	0	1	1
Q15181	0	0	1	1	0	0
Q15185	0	1	1	1	0	0
Q15233	0	0	1	1	0	0
Q15257	1	1	1	1	0	1
Q15287	0	1	1	1	0	0
Q15291	0	1	1	0	0	1
Q15329;Q16254	1	1	1	0	1	1
Q15334	1	0	1	0	0	1
Q15345	1	0	1	0	0	1
Q15363	1	1	1	1	0	0
Q15365	1	0	1	1	0	0
Q15366	1	0	1	0	0	1
Q15375;Q5JZY3	0	0	0	0	0	0
Q15397	0	0	0	0	0	0
Q15427	1	1	0	1	1	1
Q15428	1	0	1	1	1	0
Q15436	1	1	1	0	1	1
Q15517	1	1	0	0	1	1
Q15527	0	1	0	1	0	0
Q15532	1	1	0	1	1	1
Q15545	1	1	1	1	0	1
Q15572	1	0	1	0	1	1
Q15599	1	1	1	0	0	1
Q15631	0	0	0	0	1	0
Q15633	1	0	0	0	1	1
Q15637	1	0	0	0	1	0
Q15648	1	0	1	0	1	1
Q15649	0	0	1	0	0	0
Q15652	0	0	0	1	0	0
Q15654	0	1	1	1	0	0
Q15691	1	1	1	1	1	0
Q15717	1	1	1	0	1	1
Q15750	1	0	1	0	1	0
Q15797	1	0	1	1	1	0
Q15813	0	0	0	0	1	1
Q15843	0	0	1	1	0	0
Q15904	1	1	1	0	1	1
Q15942	1	1	1	1	0	1
Q16181	1	1	1	1	0	0
Q16186	1	1	1	1	1	0
Q16222	1	0	0	1	1	0
Q16352	1	1	1	1	1	0
Q16527	1	1	1	0	1	1
Q16539	0	0	0	0	0	0
Q16540	0	0	0	0	0	0
Q16543	0	0	1	0	0	0
Q16555	1	1	1	1	0	0
Q16563	1	1	1	0	1	1
Q16610	0	0	1	0	0	0
Q16629	0	0	0	1	0	0
Q16630	0	0	0	0	0	0
Q16637	0	0	1	0	0	0
Q16656	0	0	0	0	0	0
Q16658	1	1	1	1	1	0
Q16698	1	1	0	1	1	1
Q16763	1	0	1	0	0	1
Q16777;Q6FI13	0	0	0	0	0	0
Q16850	0	1	1	1	0	1
Q16864	0	1	1	1	0	1
Q16880	0	0	1	1	0	0
Q16881	0	0	1	0	0	0
Q16891	1	1	1	1	1	0
Q92466	1	1	0	1	1	1
Q92499	0	0	0	0	0	0
Q92522	0	0	0	0	0	0
Q92530	0	0	0	0	1	1
Q92541	0	1	0	1	0	1
Q92552	0	0	0	0	0	0
Q92558	1	0	1	0	1	1
Q92572	1	1	1	1	1	0
Q92576	0	0	0	0	0	0
Q92614	1	1	1	0	0	1
Q92615	1	1	1	1	1	0
Q92616	0	1	1	1	0	1
Q92620	0	0	1	1	0	0
Q92621	1	1	1	0	1	1
Q92665	0	0	0	0	0	0
Q92696	1	1	1	1	0	1
Q92733	1	0	0	0	1	0
Q92734	1	1	0	1	1	1
Q92747	0	0	0	0	0	0
Q92759	1	0	0	0	1	0
Q92769	1	1	1	0	1	1
Q92785	1	1	1	0	1	1
Q92796	0	0	0	0	0	0
Q92804	0	0	1	1	0	0
Q92817	0	0	0	0	0	0
Q92820	1	1	0	0	1	1
Q92841	0	0	0	0	0	0
Q92879	1	0	1	1	1	0
Q92896	0	0	1	1	0	0
Q92900	1	0	1	0	0	0
Q92905	1	0	0	1	1	0
Q92922	1	0	1	1	0	0
Q92925	1	1	1	0	1	1
Q92930	1	0	1	0	1	1
Q92945	0	1	1	1	0	1
Q92947	0	0	1	0	0	0
Q92979	1	0	0	0	1	0
Q92989	0	0	0	0	0	0
Q93009	0	0	1	1	0	0
Q93052	0	0	0	0	0	0
Q99417	1	1	1	1	1	0
Q99459	1	0	1	0	0	0
Q99470	0	0	1	1	0	0
Q99471	1	1	1	1	0	1
Q99490	0	1	1	1	0	1
Q99496	0	0	1	0	0	0
Q99497	1	1	1	1	0	1
Q99519	1	1	1	0	0	1
Q99523	1	0	1	0	1	0
Q99538	1	1	1	1	0	0
Q99543	0	0	0	0	0	0
Q99547	0	0	0	0	0	0
Q99550	0	0	0	0	0	1
Q99567	1	0	1	1	1	0
Q99570	0	0	1	1	0	0
Q99575	0	0	0	0	0	0
Q99584	1	1	1	1	0	1
Q99611	0	0	0	0	0	1
Q99615	1	0	1	1	0	0
Q99623	1	1	1	0	0	1
Q99643	1	0	1	0	1	0
Q99653	1	1	1	1	0	1
Q99700	0	0	0	0	0	0
Q99708	1	1	0	1	1	1
Q99714	0	0	0	0	0	0
Q99717	0	1	0	1	0	1
Q99729	0	0	0	0	1	0
Q99733	0	1	1	1	0	1
Q99747	1	1	1	1	0	0
Q99755	0	0	1	0	0	0
Q99797	0	0	0	0	1	0
Q99798	0	0	1	1	0	0
Q99829	0	1	1	1	0	0
Q99832	1	1	1	1	0	1
Q99848	0	0	1	0	0	0
Q99873	1	1	1	0	0	1
Q99961	1	1	1	1	0	1
